255.0000,255.0000,255.0000,255.0000,255.0000,255.0000,255.0000,255.0000,255.0000,255.0000,255.0000,255.0000,255.0000,255.0000,255.0000,255.0000,255.0000,255.0000,255.0000,255.0000,255.0000,255.0000,255.0000,255.0000,255.0000,255.0000,255.0000,255.0000,255.0000,255.0000,255.0000,255.0000,255.0000,255.0000,255.0000,255.0000,255.0000,255.0000,255.0000,255.0000,255.0000,255.0000,255.0000,255.0000,255.0000,255.0000,255.0000,255.0000,255.0000,255.0000,255.0000,255.0000,255.0000,255.0000,255.0000,255.0000,255.0000,255.0000,255.0000,255.0000,255.0000,255.0000,255.0000,255.0000,255.0000,255.0000,255.0000,255.0000,255.0000,255.0000,255.0000,255.0000,255.0000,255.0000,255.0000,255.0000,255.0000,255.0000,255.0000,255.0000,255.0000,255.0000,255.0000,255.0000,255.0000,255.0000,255.0000,255.0000,255.0000,255.0000,255.0000,255.0000,255.0000,255.0000,255.0000,255.0000,255.0000,255.0000,255.0000,255.0000
255.0000,255.0000,255.0000,255.0000,255.0000,255.0000,255.0000,255.0000,255.0000,255.0000,255.0000,255.0000,255.0000,255.0000,255.0000,255.0000,255.0000,255.0000,255.0000,255.0000,255.0000,255.0000,255.0000,255.0000,255.0000,255.0000,255.0000,255.0000,255.0000,255.0000,255.0000,255.0000,255.0000,255.0000,255.0000,255.0000,255.0000,255.0000,255.0000,255.0000,255.0000,255.0000,255.0000,255.0000,255.0000,255.0000,255.0000,255.0000,255.0000,255.0000,255.0000,255.0000,255.0000,255.0000,255.0000,255.0000,255.0000,255.0000,255.0000,255.0000,255.0000,255.0000,255.0000,255.0000,255.0000,255.0000,255.0000,255.0000,255.0000,255.0000,255.0000,255.0000,255.0000,255.0000,255.0000,255.0000,255.0000,255.0000,255.0000,255.0000,255.0000,255.0000,255.0000,255.0000,255.0000,255.0000,255.0000,255.0000,255.0000,255.0000,255.0000,255.0000,255.0000,255.0000,255.0000,255.0000,255.0000,255.0000,255.0000,255.0000
255.0000,255.0000,255.0000,255.0000,255.0000,255.0000,255.0000,255.0000,255.0000,255.0000,255.0000,255.0000,255.0000,255.0000,255.0000,255.0000,255.0000,255.0000,255.0000,255.0000,255.0000,255.0000,255.0000,255.0000,255.0000,255.0000,255.0000,255.0000,255.0000,255.0000,255.0000,255.0000,255.0000,255.0000,255.0000,255.0000,255.0000,255.0000,255.0000,255.0000,255.0000,255.0000,255.0000,255.0000,255.0000,255.0000,255.0000,255.0000,255.0000,255.0000,255.0000,255.0000,255.0000,255.0000,255.0000,255.0000,255.0000,255.0000,255.0000,255.0000,255.0000,255.0000,255.0000,255.0000,255.0000,255.0000,255.0000,255.0000,255.0000,255.0000,255.0000,255.0000,255.0000,255.0000,255.0000,255.0000,255.0000,255.0000,255.0000,255.0000,255.0000,255.0000,255.0000,255.0000,255.0000,255.0000,255.0000,255.0000,255.0000,255.0000,255.0000,255.0000,255.0000,255.0000,255.0000,255.0000,255.0000,255.0000,255.0000,255.0000
255.0000,255.0000,255.0000,255.0000,255.0000,255.0000,255.0000,255.0000,255.0000,255.0000,255.0000,255.0000,255.0000,255.0000,255.0000,255.0000,255.0000,255.0000,255.0000,255.0000,255.0000,255.0000,255.0000,255.0000,255.0000,255.0000,255.0000,255.0000,255.0000,255.0000,255.0000,255.0000,255.0000,255.0000,255.0000,255.0000,255.0000,255.0000,255.0000,255.0000,255.0000,255.0000,255.0000,255.0000,255.0000,255.0000,255.0000,255.0000,255.0000,255.0000,255.0000,255.0000,255.0000,255.0000,255.0000,255.0000,255.0000,255.0000,255.0000,255.0000,255.0000,255.0000,255.0000,255.0000,255.0000,255.0000,255.0000,255.0000,255.0000,255.0000,255.0000,255.0000,255.0000,255.0000,255.0000,255.0000,255.0000,255.0000,255.0000,255.0000,255.0000,255.0000,255.0000,255.0000,255.0000,255.0000,255.0000,255.0000,255.0000,255.0000,255.0000,255.0000,255.0000,255.0000,255.0000,255.0000,255.0000,255.0000,255.0000,255.0000
255.0000,255.0000,255.0000,255.0000,255.0000,255.0000,255.0000,255.0000,255.0000,255.0000,255.0000,255.0000,255.0000,255.0000,255.0000,255.0000,255.0000,255.0000,255.0000,255.0000,255.0000,255.0000,255.0000,255.0000,255.0000,255.0000,255.0000,255.0000,255.0000,255.0000,255.0000,255.0000,255.0000,255.0000,255.0000,255.0000,255.0000,255.0000,255.0000,255.0000,255.0000,255.0000,255.0000,255.0000,255.0000,255.0000,255.0000,255.0000,255.0000,255.0000,255.0000,255.0000,255.0000,255.0000,255.0000,255.0000,255.0000,255.0000,255.0000,255.0000,255.0000,255.0000,255.0000,255.0000,255.0000,255.0000,255.0000,255.0000,255.0000,255.0000,255.0000,255.0000,255.0000,255.0000,255.0000,255.0000,255.0000,255.0000,255.0000,255.0000,255.0000,255.0000,255.0000,255.0000,255.0000,255.0000,255.0000,255.0000,255.0000,255.0000,255.0000,255.0000,255.0000,255.0000,255.0000,255.0000,255.0000,255.0000,255.0000,255.0000
255.0000,255.0000,255.0000,255.0000,255.0000,255.0000,255.0000,255.0000,255.0000,255.0000,255.0000,255.0000,255.0000,255.0000,255.0000,255.0000,255.0000,255.0000,255.0000,255.0000,255.0000,255.0000,255.0000,255.0000,255.0000,255.0000,255.0000,255.0000,255.0000,255.0000,255.0000,255.0000,255.0000,255.0000,255.0000,255.0000,255.0000,255.0000,255.0000,255.0000,255.0000,255.0000,255.0000,255.0000,255.0000,255.0000,255.0000,255.0000,255.0000,255.0000,255.0000,255.0000,255.0000,255.0000,255.0000,255.0000,255.0000,255.0000,255.0000,255.0000,255.0000,255.0000,255.0000,255.0000,255.0000,255.0000,255.0000,255.0000,255.0000,255.0000,255.0000,255.0000,255.0000,255.0000,255.0000,255.0000,255.0000,255.0000,255.0000,255.0000,255.0000,255.0000,255.0000,255.0000,255.0000,255.0000,255.0000,255.0000,255.0000,255.0000,255.0000,255.0000,255.0000,255.0000,255.0000,255.0000,255.0000,255.0000,255.0000,255.0000
255.0000,255.0000,255.0000,255.0000,255.0000,255.0000,255.0000,255.0000,255.0000,255.0000,255.0000,255.0000,255.0000,255.0000,255.0000,255.0000,255.0000,255.0000,255.0000,255.0000,255.0000,255.0000,255.0000,255.0000,255.0000,255.0000,255.0000,255.0000,255.0000,255.0000,255.0000,255.0000,255.0000,255.0000,255.0000,255.0000,255.0000,255.0000,255.0000,255.0000,255.0000,255.0000,255.0000,255.0000,255.0000,255.0000,255.0000,255.0000,255.0000,255.0000,255.0000,255.0000,255.0000,255.0000,255.0000,255.0000,255.0000,255.0000,255.0000,255.0000,255.0000,255.0000,255.0000,255.0000,255.0000,255.0000,255.0000,255.0000,255.0000,255.0000,255.0000,255.0000,255.0000,255.0000,255.0000,255.0000,255.0000,255.0000,255.0000,255.0000,255.0000,255.0000,255.0000,255.0000,255.0000,255.0000,255.0000,255.0000,255.0000,255.0000,255.0000,255.0000,255.0000,255.0000,255.0000,255.0000,255.0000,255.0000,255.0000,255.0000
255.0000,255.0000,255.0000,255.0000,255.0000,255.0000,255.0000,255.0000,255.0000,255.0000,255.0000,255.0000,255.0000,255.0000,255.0000,255.0000,255.0000,255.0000,255.0000,255.0000,255.0000,255.0000,255.0000,255.0000,255.0000,255.0000,255.0000,255.0000,255.0000,255.0000,255.0000,255.0000,255.0000,255.0000,255.0000,255.0000,255.0000,255.0000,255.0000,255.0000,255.0000,255.0000,255.0000,255.0000,255.0000,255.0000,255.0000,255.0000,255.0000,255.0000,255.0000,255.0000,255.0000,255.0000,255.0000,255.0000,255.0000,255.0000,255.0000,255.0000,255.0000,255.0000,255.0000,255.0000,255.0000,255.0000,255.0000,255.0000,255.0000,255.0000,255.0000,255.0000,255.0000,255.0000,255.0000,255.0000,255.0000,255.0000,255.0000,255.0000,255.0000,255.0000,255.0000,255.0000,255.0000,255.0000,255.0000,255.0000,255.0000,255.0000,255.0000,255.0000,255.0000,255.0000,255.0000,255.0000,255.0000,255.0000,255.0000,255.0000
255.0000,255.0000,255.0000,255.0000,255.0000,255.0000,255.0000,255.0000,255.0000,255.0000,255.0000,255.0000,255.0000,255.0000,255.0000,255.0000,255.0000,255.0000,255.0000,255.0000,255.0000,255.0000,255.0000,255.0000,255.0000,255.0000,255.0000,255.0000,255.0000,255.0000,255.0000,255.0000,255.0000,255.0000,255.0000,255.0000,255.0000,255.0000,255.0000,255.0000,255.0000,255.0000,255.0000,255.0000,255.0000,255.0000,255.0000,255.0000,255.0000,255.0000,255.0000,255.0000,255.0000,255.0000,255.0000,255.0000,255.0000,255.0000,255.0000,255.0000,255.0000,255.0000,255.0000,255.0000,255.0000,255.0000,255.0000,255.0000,255.0000,255.0000,255.0000,255.0000,255.0000,255.0000,255.0000,255.0000,255.0000,255.0000,255.0000,255.0000,255.0000,255.0000,255.0000,255.0000,255.0000,255.0000,255.0000,255.0000,255.0000,255.0000,255.0000,255.0000,255.0000,255.0000,255.0000,255.0000,255.0000,255.0000,255.0000,255.0000
255.0000,255.0000,255.0000,255.0000,255.0000,255.0000,255.0000,255.0000,255.0000,255.0000,255.0000,255.0000,255.0000,255.0000,255.0000,255.0000,255.0000,255.0000,255.0000,255.0000,255.0000,255.0000,255.0000,255.0000,255.0000,255.0000,255.0000,255.0000,255.0000,255.0000,255.0000,255.0000,255.0000,255.0000,255.0000,255.0000,255.0000,255.0000,255.0000,255.0000,255.0000,255.0000,255.0000,255.0000,255.0000,255.0000,255.0000,255.0000,255.0000,255.0000,255.0000,255.0000,255.0000,255.0000,255.0000,255.0000,255.0000,255.0000,255.0000,255.0000,255.0000,255.0000,255.0000,255.0000,255.0000,255.0000,255.0000,255.0000,255.0000,255.0000,255.0000,255.0000,255.0000,255.0000,255.0000,255.0000,255.0000,255.0000,255.0000,255.0000,255.0000,255.0000,255.0000,255.0000,255.0000,255.0000,255.0000,255.0000,255.0000,255.0000,255.0000,255.0000,255.0000,255.0000,255.0000,255.0000,255.0000,255.0000,255.0000,255.0000
255.0000,255.0000,255.0000,255.0000,255.0000,255.0000,255.0000,255.0000,255.0000,255.0000,255.0000,255.0000,255.0000,255.0000,255.0000,255.0000,255.0000,255.0000,255.0000,255.0000,255.0000,255.0000,255.0000,255.0000,255.0000,255.0000,255.0000,255.0000,255.0000,255.0000,255.0000,255.0000,255.0000,255.0000,255.0000,255.0000,255.0000,255.0000,255.0000,255.0000,255.0000,255.0000,255.0000,255.0000,255.0000,255.0000,255.0000,255.0000,255.0000,255.0000,255.0000,255.0000,255.0000,255.0000,255.0000,255.0000,255.0000,255.0000,255.0000,255.0000,255.0000,255.0000,255.0000,255.0000,255.0000,255.0000,255.0000,255.0000,255.0000,255.0000,255.0000,255.0000,255.0000,255.0000,255.0000,255.0000,255.0000,255.0000,255.0000,255.0000,255.0000,255.0000,255.0000,255.0000,255.0000,255.0000,255.0000,255.0000,255.0000,255.0000,255.0000,255.0000,255.0000,255.0000,255.0000,255.0000,255.0000,255.0000,255.0000,255.0000
255.0000,255.0000,255.0000,255.0000,255.0000,255.0000,255.0000,255.0000,255.0000,255.0000,255.0000,255.0000,255.0000,255.0000,255.0000,255.0000,255.0000,255.0000,255.0000,255.0000,255.0000,255.0000,255.0000,255.0000,255.0000,255.0000,255.0000,255.0000,255.0000,255.0000,255.0000,255.0000,255.0000,255.0000,255.0000,255.0000,255.0000,255.0000,255.0000,255.0000,255.0000,255.0000,255.0000,255.0000,255.0000,255.0000,255.0000,255.0000,255.0000,255.0000,255.0000,255.0000,255.0000,255.0000,255.0000,255.0000,255.0000,255.0000,255.0000,255.0000,255.0000,255.0000,255.0000,255.0000,255.0000,255.0000,255.0000,255.0000,255.0000,255.0000,255.0000,255.0000,255.0000,255.0000,255.0000,255.0000,255.0000,255.0000,255.0000,255.0000,255.0000,255.0000,255.0000,255.0000,255.0000,255.0000,255.0000,255.0000,255.0000,255.0000,255.0000,255.0000,255.0000,255.0000,255.0000,255.0000,255.0000,255.0000,255.0000,255.0000
255.0000,255.0000,255.0000,255.0000,255.0000,255.0000,255.0000,255.0000,255.0000,255.0000,255.0000,255.0000,255.0000,255.0000,255.0000,255.0000,255.0000,255.0000,255.0000,255.0000,255.0000,255.0000,255.0000,255.0000,255.0000,255.0000,255.0000,255.0000,255.0000,255.0000,255.0000,255.0000,255.0000,255.0000,255.0000,255.0000,255.0000,255.0000,255.0000,255.0000,255.0000,255.0000,255.0000,255.0000,255.0000,255.0000,255.0000,255.0000,255.0000,255.0000,255.0000,255.0000,255.0000,255.0000,255.0000,255.0000,255.0000,255.0000,255.0000,255.0000,255.0000,255.0000,255.0000,255.0000,255.0000,255.0000,255.0000,255.0000,255.0000,255.0000,255.0000,255.0000,255.0000,255.0000,255.0000,255.0000,255.0000,255.0000,255.0000,255.0000,255.0000,255.0000,255.0000,255.0000,255.0000,255.0000,255.0000,255.0000,255.0000,255.0000,255.0000,255.0000,255.0000,255.0000,255.0000,255.0000,255.0000,255.0000,255.0000,255.0000
255.0000,255.0000,255.0000,255.0000,255.0000,255.0000,255.0000,255.0000,255.0000,255.0000,255.0000,255.0000,255.0000,255.0000,255.0000,255.0000,255.0000,255.0000,255.0000,255.0000,255.0000,255.0000,255.0000,255.0000,255.0000,255.0000,255.0000,255.0000,255.0000,255.0000,255.0000,255.0000,255.0000,255.0000,255.0000,255.0000,255.0000,255.0000,255.0000,255.0000,255.0000,255.0000,255.0000,255.0000,255.0000,255.0000,255.0000,255.0000,255.0000,255.0000,255.0000,255.0000,255.0000,255.0000,255.0000,255.0000,255.0000,255.0000,255.0000,255.0000,255.0000,255.0000,255.0000,255.0000,255.0000,255.0000,255.0000,255.0000,255.0000,255.0000,255.0000,255.0000,255.0000,255.0000,255.0000,255.0000,255.0000,255.0000,255.0000,255.0000,255.0000,255.0000,255.0000,255.0000,255.0000,255.0000,255.0000,255.0000,255.0000,255.0000,255.0000,255.0000,255.0000,255.0000,255.0000,255.0000,255.0000,255.0000,255.0000,255.0000
255.0000,255.0000,255.0000,255.0000,255.0000,255.0000,255.0000,255.0000,255.0000,255.0000,255.0000,255.0000,255.0000,255.0000,255.0000,255.0000,255.0000,255.0000,255.0000,255.0000,255.0000,255.0000,255.0000,255.0000,255.0000,255.0000,255.0000,255.0000,255.0000,255.0000,255.0000,255.0000,255.0000,255.0000,255.0000,255.0000,255.0000,255.0000,255.0000,255.0000,255.0000,255.0000,255.0000,255.0000,255.0000,255.0000,255.0000,255.0000,255.0000,255.0000,255.0000,255.0000,255.0000,255.0000,255.0000,255.0000,255.0000,255.0000,255.0000,255.0000,255.0000,255.0000,255.0000,255.0000,255.0000,255.0000,255.0000,255.0000,255.0000,255.0000,255.0000,255.0000,255.0000,255.0000,255.0000,255.0000,255.0000,255.0000,255.0000,255.0000,255.0000,255.0000,255.0000,255.0000,255.0000,255.0000,255.0000,255.0000,255.0000,255.0000,255.0000,255.0000,255.0000,255.0000,255.0000,255.0000,255.0000,255.0000,255.0000,255.0000
255.0000,255.0000,255.0000,255.0000,255.0000,255.0000,255.0000,255.0000,255.0000,255.0000,255.0000,255.0000,255.0000,255.0000,255.0000,255.0000,255.0000,255.0000,255.0000,255.0000,255.0000,255.0000,255.0000,255.0000,255.0000,255.0000,255.0000,255.0000,255.0000,255.0000,255.0000,255.0000,255.0000,255.0000,255.0000,255.0000,255.0000,255.0000,255.0000,255.0000,255.0000,255.0000,255.0000,255.0000,255.0000,255.0000,255.0000,255.0000,255.0000,255.0000,255.0000,255.0000,255.0000,255.0000,255.0000,255.0000,255.0000,255.0000,255.0000,255.0000,255.0000,255.0000,255.0000,255.0000,255.0000,255.0000,255.0000,255.0000,255.0000,255.0000,255.0000,255.0000,255.0000,255.0000,255.0000,255.0000,255.0000,255.0000,255.0000,255.0000,255.0000,255.0000,255.0000,255.0000,255.0000,255.0000,255.0000,255.0000,255.0000,255.0000,255.0000,255.0000,255.0000,255.0000,255.0000,255.0000,255.0000,255.0000,255.0000,255.0000
255.0000,255.0000,255.0000,255.0000,255.0000,255.0000,255.0000,255.0000,255.0000,255.0000,255.0000,255.0000,255.0000,255.0000,255.0000,255.0000,255.0000,255.0000,255.0000,255.0000,255.0000,255.0000,255.0000,255.0000,255.0000,255.0000,255.0000,255.0000,255.0000,255.0000,255.0000,255.0000,255.0000,255.0000,255.0000,255.0000,255.0000,255.0000,255.0000,255.0000,255.0000,255.0000,255.0000,255.0000,255.0000,255.0000,255.0000,255.0000,255.0000,255.0000,255.0000,255.0000,255.0000,255.0000,255.0000,255.0000,255.0000,255.0000,255.0000,255.0000,255.0000,255.0000,255.0000,255.0000,255.0000,255.0000,255.0000,255.0000,255.0000,255.0000,255.0000,255.0000,255.0000,255.0000,255.0000,255.0000,255.0000,255.0000,255.0000,255.0000,255.0000,255.0000,255.0000,255.0000,255.0000,255.0000,255.0000,255.0000,255.0000,255.0000,255.0000,255.0000,255.0000,255.0000,255.0000,255.0000,255.0000,255.0000,255.0000,255.0000
255.0000,255.0000,255.0000,255.0000,255.0000,255.0000,255.0000,255.0000,255.0000,255.0000,255.0000,255.0000,255.0000,255.0000,255.0000,255.0000,255.0000,255.0000,255.0000,255.0000,255.0000,255.0000,255.0000,255.0000,255.0000,255.0000,255.0000,255.0000,255.0000,255.0000,255.0000,255.0000,255.0000,255.0000,255.0000,255.0000,255.0000,255.0000,255.0000,255.0000,255.0000,255.0000,255.0000,255.0000,255.0000,255.0000,255.0000,255.0000,255.0000,255.0000,255.0000,255.0000,255.0000,255.0000,255.0000,255.0000,255.0000,255.0000,255.0000,255.0000,255.0000,255.0000,255.0000,255.0000,255.0000,255.0000,255.0000,255.0000,255.0000,255.0000,255.0000,255.0000,255.0000,255.0000,255.0000,255.0000,255.0000,255.0000,255.0000,255.0000,255.0000,255.0000,255.0000,255.0000,255.0000,255.0000,255.0000,255.0000,255.0000,255.0000,255.0000,255.0000,255.0000,255.0000,255.0000,255.0000,255.0000,255.0000,255.0000,255.0000
255.0000,255.0000,255.0000,255.0000,255.0000,255.0000,255.0000,255.0000,255.0000,255.0000,255.0000,255.0000,255.0000,255.0000,255.0000,255.0000,255.0000,255.0000,255.0000,255.0000,255.0000,255.0000,255.0000,255.0000,255.0000,255.0000,255.0000,255.0000,255.0000,255.0000,255.0000,255.0000,255.0000,255.0000,255.0000,255.0000,255.0000,255.0000,255.0000,255.0000,255.0000,255.0000,255.0000,255.0000,255.0000,255.0000,255.0000,255.0000,255.0000,255.0000,255.0000,255.0000,255.0000,255.0000,255.0000,255.0000,255.0000,255.0000,255.0000,255.0000,255.0000,255.0000,255.0000,255.0000,255.0000,255.0000,255.0000,255.0000,255.0000,255.0000,255.0000,255.0000,255.0000,255.0000,255.0000,255.0000,255.0000,255.0000,255.0000,255.0000,255.0000,255.0000,255.0000,255.0000,255.0000,255.0000,255.0000,255.0000,255.0000,255.0000,255.0000,255.0000,255.0000,255.0000,255.0000,255.0000,255.0000,255.0000,255.0000,255.0000
255.0000,255.0000,255.0000,255.0000,255.0000,255.0000,255.0000,255.0000,255.0000,255.0000,255.0000,255.0000,255.0000,255.0000,255.0000,255.0000,255.0000,255.0000,255.0000,255.0000,255.0000,255.0000,255.0000,255.0000,255.0000,255.0000,255.0000,255.0000,255.0000,255.0000,255.0000,255.0000,255.0000,255.0000,255.0000,255.0000,255.0000,255.0000,255.0000,255.0000,255.0000,255.0000,255.0000,255.0000,255.0000,255.0000,255.0000,255.0000,255.0000,255.0000,255.0000,255.0000,255.0000,255.0000,255.0000,255.0000,255.0000,255.0000,255.0000,255.0000,255.0000,255.0000,255.0000,255.0000,255.0000,255.0000,255.0000,255.0000,255.0000,255.0000,255.0000,255.0000,255.0000,255.0000,255.0000,255.0000,255.0000,255.0000,255.0000,255.0000,255.0000,255.0000,255.0000,255.0000,255.0000,255.0000,255.0000,255.0000,255.0000,255.0000,255.0000,255.0000,255.0000,255.0000,255.0000,255.0000,255.0000,255.0000,255.0000,255.0000
255.0000,255.0000,255.0000,255.0000,255.0000,255.0000,255.0000,255.0000,255.0000,255.0000,255.0000,255.0000,255.0000,255.0000,255.0000,255.0000,255.0000,255.0000,255.0000,255.0000,255.0000,255.0000,255.0000,255.0000,255.0000,255.0000,255.0000,255.0000,255.0000,255.0000,255.0000,255.0000,255.0000,255.0000,255.0000,255.0000,255.0000,255.0000,255.0000,255.0000,255.0000,255.0000,255.0000,255.0000,255.0000,255.0000,255.0000,255.0000,255.0000,255.0000,255.0000,255.0000,255.0000,255.0000,255.0000,255.0000,255.0000,255.0000,255.0000,255.0000,255.0000,255.0000,255.0000,255.0000,255.0000,255.0000,255.0000,255.0000,255.0000,255.0000,255.0000,255.0000,255.0000,255.0000,255.0000,255.0000,255.0000,255.0000,255.0000,255.0000,255.0000,255.0000,255.0000,255.0000,255.0000,255.0000,255.0000,255.0000,255.0000,255.0000,255.0000,255.0000,255.0000,255.0000,255.0000,255.0000,255.0000,255.0000,255.0000,255.0000
255.0000,255.0000,255.0000,255.0000,255.0000,255.0000,255.0000,255.0000,255.0000,255.0000,255.0000,255.0000,255.0000,255.0000,255.0000,255.0000,255.0000,255.0000,255.0000,255.0000,255.0000,255.0000,255.0000,255.0000,255.0000,255.0000,255.0000,255.0000,255.0000,255.0000,255.0000,255.0000,255.0000,255.0000,255.0000,255.0000,255.0000,255.0000,255.0000,255.0000,255.0000,255.0000,255.0000,255.0000,255.0000,255.0000,255.0000,255.0000,255.0000,255.0000,255.0000,255.0000,255.0000,255.0000,255.0000,255.0000,255.0000,255.0000,255.0000,255.0000,255.0000,255.0000,255.0000,255.0000,255.0000,255.0000,255.0000,255.0000,255.0000,255.0000,255.0000,255.0000,255.0000,255.0000,255.0000,255.0000,255.0000,255.0000,255.0000,255.0000,255.0000,255.0000,255.0000,255.0000,255.0000,255.0000,255.0000,255.0000,255.0000,255.0000,255.0000,255.0000,255.0000,255.0000,255.0000,255.0000,255.0000,255.0000,255.0000,255.0000
255.0000,255.0000,255.0000,255.0000,255.0000,255.0000,255.0000,255.0000,255.0000,255.0000,255.0000,255.0000,255.0000,255.0000,255.0000,255.0000,255.0000,255.0000,255.0000,255.0000,255.0000,255.0000,255.0000,255.0000,255.0000,255.0000,255.0000,255.0000,255.0000,255.0000,255.0000,255.0000,255.0000,255.0000,255.0000,255.0000,255.0000,255.0000,255.0000,255.0000,255.0000,255.0000,255.0000,255.0000,255.0000,255.0000,255.0000,255.0000,255.0000,255.0000,255.0000,255.0000,255.0000,255.0000,255.0000,255.0000,255.0000,255.0000,255.0000,255.0000,255.0000,255.0000,255.0000,255.0000,255.0000,255.0000,255.0000,255.0000,255.0000,255.0000,255.0000,255.0000,255.0000,255.0000,255.0000,255.0000,255.0000,255.0000,255.0000,255.0000,255.0000,255.0000,255.0000,255.0000,255.0000,255.0000,255.0000,255.0000,255.0000,255.0000,255.0000,255.0000,255.0000,255.0000,255.0000,255.0000,255.0000,255.0000,255.0000,255.0000
255.0000,255.0000,255.0000,255.0000,255.0000,255.0000,255.0000,255.0000,255.0000,255.0000,255.0000,255.0000,255.0000,255.0000,255.0000,255.0000,255.0000,255.0000,255.0000,255.0000,255.0000,255.0000,255.0000,255.0000,255.0000,255.0000,255.0000,255.0000,255.0000,255.0000,255.0000,255.0000,255.0000,255.0000,255.0000,255.0000,255.0000,255.0000,255.0000,255.0000,255.0000,255.0000,255.0000,255.0000,255.0000,255.0000,255.0000,255.0000,255.0000,255.0000,255.0000,255.0000,255.0000,255.0000,255.0000,255.0000,255.0000,255.0000,255.0000,255.0000,255.0000,255.0000,255.0000,255.0000,255.0000,255.0000,255.0000,255.0000,255.0000,255.0000,255.0000,255.0000,255.0000,255.0000,255.0000,255.0000,255.0000,255.0000,255.0000,255.0000,255.0000,255.0000,255.0000,255.0000,255.0000,255.0000,255.0000,255.0000,255.0000,255.0000,255.0000,255.0000,255.0000,255.0000,255.0000,255.0000,255.0000,255.0000,255.0000,255.0000
255.0000,255.0000,255.0000,255.0000,255.0000,255.0000,255.0000,255.0000,255.0000,255.0000,255.0000,255.0000,255.0000,255.0000,255.0000,255.0000,255.0000,255.0000,255.0000,255.0000,255.0000,255.0000,255.0000,255.0000,255.0000,254.0000,255.0000,255.0000,255.0000,254.0000,255.0000,254.0000,255.0000,255.0000,255.0000,255.0000,255.0000,255.0000,255.0000,255.0000,255.0000,255.0000,255.0000,255.0000,255.0000,255.0000,255.0000,255.0000,255.0000,255.0000,255.0000,255.0000,255.0000,255.0000,255.0000,255.0000,254.0000,255.0000,254.0000,255.0000,255.0000,255.0000,255.0000,255.0000,255.0000,255.0000,255.0000,255.0000,255.0000,254.0000,255.0000,255.0000,255.0000,255.0000,255.0000,255.0000,255.0000,255.0000,255.0000,255.0000,255.0000,255.0000,255.0000,255.0000,255.0000,255.0000,255.0000,255.0000,255.0000,255.0000,255.0000,255.0000,255.0000,255.0000,255.0000,255.0000,255.0000,255.0000,255.0000,255.0000
255.0000,255.0000,255.0000,255.0000,255.0000,255.0000,255.0000,255.0000,255.0000,255.0000,255.0000,255.0000,255.0000,255.0000,255.0000,255.0000,255.0000,255.0000,255.0000,255.0000,255.0000,255.0000,255.0000,255.0000,255.0000,255.0000,255.0000,255.0000,255.0000,255.0000,254.0000,255.0000,255.0000,255.0000,255.0000,255.0000,255.0000,255.0000,255.0000,255.0000,255.0000,255.0000,255.0000,255.0000,255.0000,255.0000,255.0000,255.0000,255.0000,255.0000,255.0000,255.0000,255.0000,255.0000,255.0000,255.0000,255.0000,254.0000,255.0000,255.0000,255.0000,255.0000,254.0000,255.0000,255.0000,255.0000,255.0000,254.0000,255.0000,255.0000,254.0000,255.0000,255.0000,255.0000,255.0000,255.0000,255.0000,255.0000,255.0000,255.0000,255.0000,255.0000,255.0000,255.0000,255.0000,255.0000,255.0000,255.0000,255.0000,255.0000,255.0000,255.0000,255.0000,255.0000,255.0000,255.0000,255.0000,255.0000,255.0000,255.0000
255.0000,255.0000,255.0000,255.0000,255.0000,255.0000,255.0000,255.0000,255.0000,255.0000,255.0000,255.0000,255.0000,255.0000,255.0000,255.0000,255.0000,255.0000,255.0000,255.0000,255.0000,255.0000,255.0000,255.0000,255.0000,255.0000,255.0000,255.0000,255.0000,255.0000,255.0000,255.0000,255.0000,255.0000,255.0000,255.0000,255.0000,255.0000,255.0000,255.0000,255.0000,255.0000,255.0000,255.0000,255.0000,255.0000,255.0000,255.0000,255.0000,255.0000,255.0000,255.0000,255.0000,255.0000,255.0000,255.0000,255.0000,255.0000,255.0000,255.0000,255.0000,254.0000,129.0000,140.0000,153.0000,255.0000,254.0000,255.0000,254.0000,255.0000,255.0000,254.0000,255.0000,255.0000,255.0000,255.0000,255.0000,255.0000,255.0000,255.0000,255.0000,255.0000,255.0000,255.0000,255.0000,255.0000,255.0000,255.0000,255.0000,255.0000,255.0000,255.0000,255.0000,255.0000,255.0000,255.0000,255.0000,255.0000,255.0000,255.0000
255.0000,255.0000,255.0000,255.0000,255.0000,255.0000,255.0000,255.0000,255.0000,255.0000,255.0000,255.0000,255.0000,255.0000,255.0000,255.0000,128.0000,128.0000,128.0000,128.0000,128.0000,128.0000,128.0000,128.0000,128.0000,128.0000,255.0000,255.0000,255.0000,255.0000,255.0000,255.0000,255.0000,255.0000,255.0000,255.0000,255.0000,255.0000,255.0000,255.0000,255.0000,255.0000,255.0000,255.0000,255.0000,255.0000,255.0000,255.0000,255.0000,255.0000,255.0000,255.0000,255.0000,255.0000,255.0000,255.0000,255.0000,255.0000,255.0000,254.0000,255.0000,255.0000,51.0000,89.0000,0.0000,255.0000,255.0000,254.0000,255.0000,255.0000,254.0000,255.0000,255.0000,255.0000,255.0000,255.0000,255.0000,255.0000,255.0000,255.0000,255.0000,255.0000,255.0000,255.0000,255.0000,255.0000,255.0000,255.0000,255.0000,255.0000,255.0000,255.0000,255.0000,255.0000,255.0000,255.0000,255.0000,255.0000,255.0000,255.0000
255.0000,255.0000,255.0000,255.0000,255.0000,255.0000,255.0000,255.0000,255.0000,255.0000,255.0000,255.0000,255.0000,255.0000,255.0000,255.0000,128.0000,128.0000,128.0000,128.0000,128.0000,128.0000,128.0000,128.0000,128.0000,128.0000,254.0000,255.0000,255.0000,255.0000,255.0000,255.0000,255.0000,255.0000,255.0000,255.0000,255.0000,255.0000,255.0000,255.0000,255.0000,255.0000,255.0000,255.0000,255.0000,255.0000,255.0000,255.0000,255.0000,255.0000,255.0000,255.0000,255.0000,255.0000,255.0000,255.0000,255.0000,255.0000,255.0000,255.0000,255.0000,255.0000,45.0000,179.0000,230.0000,255.0000,255.0000,255.0000,254.0000,255.0000,255.0000,254.0000,255.0000,255.0000,255.0000,255.0000,255.0000,255.0000,255.0000,255.0000,255.0000,255.0000,255.0000,255.0000,255.0000,255.0000,255.0000,255.0000,255.0000,255.0000,255.0000,255.0000,255.0000,255.0000,255.0000,255.0000,255.0000,255.0000,255.0000,255.0000
255.0000,255.0000,255.0000,255.0000,255.0000,255.0000,255.0000,255.0000,255.0000,255.0000,255.0000,255.0000,255.0000,255.0000,255.0000,255.0000,128.0000,128.0000,128.0000,128.0000,128.0000,128.0000,128.0000,128.0000,128.0000,128.0000,255.0000,254.0000,255.0000,255.0000,254.0000,255.0000,255.0000,255.0000,255.0000,255.0000,255.0000,255.0000,255.0000,255.0000,255.0000,255.0000,255.0000,255.0000,255.0000,255.0000,255.0000,255.0000,255.0000,255.0000,255.0000,255.0000,255.0000,255.0000,255.0000,255.0000,255.0000,255.0000,255.0000,255.0000,255.0000,255.0000,255.0000,255.0000,255.0000,255.0000,255.0000,255.0000,254.0000,254.0000,255.0000,255.0000,255.0000,255.0000,255.0000,255.0000,255.0000,255.0000,255.0000,255.0000,255.0000,255.0000,255.0000,255.0000,255.0000,255.0000,255.0000,255.0000,255.0000,255.0000,255.0000,255.0000,255.0000,255.0000,255.0000,255.0000,255.0000,255.0000,255.0000,255.0000
255.0000,255.0000,255.0000,255.0000,255.0000,255.0000,255.0000,255.0000,255.0000,255.0000,255.0000,255.0000,255.0000,255.0000,255.0000,255.0000,128.0000,128.0000,128.0000,128.0000,128.0000,128.0000,128.0000,128.0000,128.0000,128.0000,255.0000,255.0000,255.0000,255.0000,255.0000,254.0000,255.0000,255.0000,255.0000,255.0000,255.0000,255.0000,255.0000,255.0000,255.0000,255.0000,255.0000,255.0000,255.0000,255.0000,255.0000,255.0000,255.0000,255.0000,255.0000,255.0000,255.0000,255.0000,255.0000,255.0000,255.0000,255.0000,255.0000,255.0000,255.0000,255.0000,255.0000,255.0000,255.0000,255.0000,255.0000,254.0000,255.0000,255.0000,255.0000,254.0000,255.0000,255.0000,255.0000,255.0000,255.0000,255.0000,255.0000,255.0000,255.0000,255.0000,255.0000,255.0000,255.0000,255.0000,255.0000,255.0000,255.0000,255.0000,255.0000,255.0000,255.0000,255.0000,255.0000,255.0000,255.0000,255.0000,255.0000,255.0000
255.0000,255.0000,255.0000,255.0000,255.0000,255.0000,255.0000,255.0000,255.0000,255.0000,255.0000,255.0000,255.0000,255.0000,255.0000,255.0000,128.0000,128.0000,128.0000,128.0000,128.0000,128.0000,128.0000,128.0000,128.0000,127.0000,255.0000,254.0000,255.0000,255.0000,255.0000,255.0000,255.0000,255.0000,255.0000,255.0000,255.0000,255.0000,255.0000,255.0000,255.0000,255.0000,255.0000,255.0000,255.0000,255.0000,255.0000,255.0000,255.0000,255.0000,255.0000,255.0000,255.0000,255.0000,255.0000,255.0000,255.0000,255.0000,255.0000,255.0000,255.0000,255.0000,255.0000,255.0000,255.0000,255.0000,254.0000,255.0000,255.0000,255.0000,254.0000,255.0000,255.0000,255.0000,255.0000,255.0000,255.0000,255.0000,255.0000,255.0000,255.0000,255.0000,255.0000,255.0000,255.0000,255.0000,255.0000,255.0000,255.0000,255.0000,255.0000,255.0000,255.0000,255.0000,255.0000,255.0000,255.0000,255.0000,255.0000,255.0000
255.0000,255.0000,255.0000,255.0000,255.0000,255.0000,255.0000,255.0000,255.0000,255.0000,255.0000,255.0000,255.0000,255.0000,255.0000,255.0000,128.0000,128.0000,128.0000,128.0000,128.0000,128.0000,128.0000,128.0000,128.0000,127.0000,255.0000,254.0000,255.0000,255.0000,255.0000,255.0000,255.0000,255.0000,255.0000,255.0000,255.0000,255.0000,255.0000,255.0000,255.0000,255.0000,255.0000,255.0000,255.0000,255.0000,255.0000,255.0000,255.0000,255.0000,255.0000,255.0000,255.0000,255.0000,255.0000,255.0000,255.0000,255.0000,255.0000,255.0000,255.0000,255.0000,255.0000,255.0000,255.0000,255.0000,255.0000,255.0000,255.0000,255.0000,255.0000,255.0000,255.0000,255.0000,255.0000,255.0000,255.0000,255.0000,255.0000,255.0000,255.0000,255.0000,255.0000,255.0000,255.0000,255.0000,255.0000,255.0000,255.0000,255.0000,255.0000,255.0000,255.0000,255.0000,255.0000,255.0000,255.0000,255.0000,255.0000,255.0000
255.0000,255.0000,255.0000,255.0000,255.0000,255.0000,255.0000,255.0000,255.0000,255.0000,255.0000,255.0000,255.0000,255.0000,255.0000,255.0000,128.0000,128.0000,128.0000,128.0000,128.0000,128.0000,128.0000,128.0000,128.0000,128.0000,255.0000,255.0000,255.0000,255.0000,255.0000,254.0000,255.0000,255.0000,255.0000,255.0000,255.0000,255.0000,255.0000,255.0000,255.0000,255.0000,255.0000,255.0000,255.0000,255.0000,255.0000,255.0000,255.0000,255.0000,255.0000,255.0000,255.0000,255.0000,255.0000,255.0000,255.0000,255.0000,255.0000,255.0000,255.0000,255.0000,255.0000,255.0000,255.0000,255.0000,255.0000,255.0000,255.0000,255.0000,255.0000,255.0000,255.0000,255.0000,255.0000,255.0000,255.0000,255.0000,255.0000,255.0000,255.0000,255.0000,255.0000,255.0000,255.0000,255.0000,255.0000,255.0000,255.0000,255.0000,255.0000,255.0000,255.0000,255.0000,255.0000,255.0000,255.0000,255.0000,255.0000,255.0000
255.0000,255.0000,255.0000,255.0000,255.0000,255.0000,255.0000,255.0000,255.0000,255.0000,255.0000,255.0000,255.0000,255.0000,255.0000,255.0000,128.0000,128.0000,128.0000,128.0000,128.0000,128.0000,128.0000,128.0000,128.0000,128.0000,255.0000,254.0000,255.0000,255.0000,254.0000,255.0000,255.0000,255.0000,255.0000,255.0000,255.0000,255.0000,255.0000,255.0000,255.0000,255.0000,255.0000,255.0000,255.0000,255.0000,255.0000,255.0000,255.0000,255.0000,255.0000,255.0000,255.0000,255.0000,255.0000,255.0000,255.0000,255.0000,255.0000,255.0000,255.0000,255.0000,255.0000,255.0000,255.0000,255.0000,255.0000,255.0000,255.0000,255.0000,255.0000,255.0000,255.0000,255.0000,255.0000,255.0000,255.0000,255.0000,255.0000,255.0000,255.0000,255.0000,255.0000,255.0000,255.0000,255.0000,255.0000,255.0000,255.0000,255.0000,255.0000,255.0000,255.0000,255.0000,255.0000,255.0000,255.0000,255.0000,255.0000,255.0000
255.0000,255.0000,255.0000,255.0000,255.0000,255.0000,255.0000,255.0000,255.0000,255.0000,255.0000,255.0000,255.0000,255.0000,255.0000,255.0000,128.0000,128.0000,128.0000,128.0000,128.0000,128.0000,128.0000,128.0000,128.0000,128.0000,254.0000,255.0000,255.0000,255.0000,255.0000,255.0000,255.0000,255.0000,255.0000,255.0000,255.0000,255.0000,255.0000,255.0000,255.0000,255.0000,255.0000,255.0000,255.0000,255.0000,255.0000,255.0000,255.0000,255.0000,255.0000,255.0000,255.0000,255.0000,255.0000,255.0000,255.0000,255.0000,255.0000,255.0000,255.0000,255.0000,255.0000,255.0000,255.0000,255.0000,255.0000,255.0000,255.0000,255.0000,255.0000,255.0000,255.0000,255.0000,255.0000,255.0000,255.0000,255.0000,255.0000,255.0000,255.0000,255.0000,255.0000,255.0000,255.0000,255.0000,255.0000,255.0000,255.0000,255.0000,255.0000,255.0000,255.0000,255.0000,255.0000,255.0000,255.0000,255.0000,255.0000,255.0000
255.0000,255.0000,255.0000,255.0000,255.0000,255.0000,255.0000,255.0000,255.0000,255.0000,255.0000,255.0000,255.0000,255.0000,255.0000,255.0000,128.0000,128.0000,128.0000,128.0000,128.0000,128.0000,128.0000,128.0000,128.0000,128.0000,255.0000,255.0000,255.0000,255.0000,255.0000,255.0000,255.0000,255.0000,255.0000,255.0000,255.0000,255.0000,255.0000,255.0000,255.0000,255.0000,255.0000,255.0000,255.0000,255.0000,255.0000,255.0000,255.0000,255.0000,255.0000,255.0000,255.0000,255.0000,255.0000,255.0000,255.0000,255.0000,255.0000,255.0000,255.0000,255.0000,255.0000,255.0000,255.0000,255.0000,255.0000,255.0000,255.0000,255.0000,255.0000,255.0000,255.0000,255.0000,255.0000,255.0000,255.0000,255.0000,255.0000,255.0000,255.0000,255.0000,255.0000,255.0000,255.0000,255.0000,255.0000,255.0000,255.0000,255.0000,255.0000,255.0000,255.0000,255.0000,255.0000,255.0000,255.0000,255.0000,255.0000,255.0000
255.0000,255.0000,255.0000,255.0000,255.0000,255.0000,255.0000,255.0000,255.0000,255.0000,255.0000,255.0000,255.0000,255.0000,255.0000,255.0000,255.0000,255.0000,255.0000,255.0000,255.0000,255.0000,255.0000,255.0000,255.0000,255.0000,255.0000,255.0000,255.0000,255.0000,255.0000,255.0000,255.0000,255.0000,255.0000,255.0000,255.0000,255.0000,255.0000,255.0000,255.0000,255.0000,255.0000,255.0000,255.0000,255.0000,255.0000,255.0000,255.0000,255.0000,255.0000,255.0000,255.0000,255.0000,255.0000,255.0000,255.0000,255.0000,255.0000,255.0000,255.0000,255.0000,255.0000,255.0000,255.0000,255.0000,255.0000,255.0000,255.0000,255.0000,255.0000,255.0000,255.0000,255.0000,255.0000,255.0000,255.0000,255.0000,255.0000,255.0000,255.0000,255.0000,255.0000,255.0000,255.0000,255.0000,255.0000,255.0000,255.0000,255.0000,255.0000,255.0000,255.0000,255.0000,255.0000,255.0000,255.0000,255.0000,255.0000,255.0000
255.0000,255.0000,255.0000,255.0000,255.0000,255.0000,255.0000,255.0000,255.0000,255.0000,255.0000,255.0000,255.0000,255.0000,255.0000,255.0000,255.0000,255.0000,255.0000,255.0000,255.0000,255.0000,255.0000,255.0000,255.0000,255.0000,255.0000,255.0000,255.0000,255.0000,254.0000,255.0000,255.0000,255.0000,255.0000,255.0000,255.0000,255.0000,255.0000,255.0000,255.0000,255.0000,255.0000,255.0000,255.0000,255.0000,255.0000,255.0000,255.0000,255.0000,255.0000,255.0000,255.0000,255.0000,255.0000,255.0000,255.0000,255.0000,255.0000,255.0000,255.0000,255.0000,255.0000,255.0000,255.0000,255.0000,255.0000,255.0000,255.0000,255.0000,255.0000,255.0000,255.0000,255.0000,255.0000,255.0000,255.0000,255.0000,255.0000,255.0000,255.0000,255.0000,255.0000,255.0000,255.0000,255.0000,255.0000,255.0000,255.0000,255.0000,255.0000,255.0000,255.0000,255.0000,255.0000,255.0000,255.0000,255.0000,255.0000,255.0000
255.0000,255.0000,255.0000,255.0000,255.0000,255.0000,255.0000,255.0000,255.0000,255.0000,255.0000,255.0000,255.0000,255.0000,255.0000,255.0000,255.0000,255.0000,255.0000,255.0000,255.0000,255.0000,255.0000,255.0000,255.0000,254.0000,255.0000,255.0000,255.0000,254.0000,255.0000,254.0000,255.0000,255.0000,255.0000,255.0000,255.0000,255.0000,255.0000,255.0000,255.0000,255.0000,255.0000,255.0000,255.0000,255.0000,255.0000,255.0000,255.0000,255.0000,255.0000,255.0000,255.0000,255.0000,255.0000,255.0000,255.0000,255.0000,255.0000,255.0000,255.0000,255.0000,255.0000,255.0000,255.0000,255.0000,255.0000,255.0000,255.0000,255.0000,255.0000,255.0000,255.0000,255.0000,255.0000,255.0000,255.0000,255.0000,255.0000,255.0000,255.0000,255.0000,255.0000,255.0000,255.0000,255.0000,255.0000,255.0000,255.0000,255.0000,255.0000,255.0000,255.0000,255.0000,255.0000,255.0000,255.0000,255.0000,255.0000,255.0000
255.0000,255.0000,255.0000,255.0000,255.0000,255.0000,255.0000,255.0000,255.0000,255.0000,255.0000,255.0000,255.0000,255.0000,255.0000,255.0000,255.0000,255.0000,255.0000,255.0000,255.0000,255.0000,255.0000,255.0000,255.0000,255.0000,255.0000,255.0000,255.0000,255.0000,255.0000,255.0000,255.0000,255.0000,255.0000,255.0000,255.0000,255.0000,255.0000,255.0000,255.0000,255.0000,255.0000,255.0000,255.0000,255.0000,255.0000,255.0000,255.0000,255.0000,255.0000,255.0000,255.0000,255.0000,255.0000,255.0000,255.0000,255.0000,255.0000,255.0000,255.0000,255.0000,255.0000,255.0000,255.0000,255.0000,255.0000,255.0000,255.0000,255.0000,255.0000,255.0000,255.0000,255.0000,255.0000,255.0000,255.0000,255.0000,255.0000,255.0000,255.0000,255.0000,255.0000,255.0000,255.0000,255.0000,255.0000,255.0000,255.0000,255.0000,255.0000,255.0000,255.0000,255.0000,255.0000,255.0000,255.0000,255.0000,255.0000,255.0000
255.0000,255.0000,255.0000,255.0000,255.0000,255.0000,255.0000,255.0000,255.0000,255.0000,255.0000,255.0000,255.0000,255.0000,255.0000,255.0000,255.0000,255.0000,255.0000,255.0000,255.0000,255.0000,255.0000,255.0000,255.0000,255.0000,255.0000,255.0000,255.0000,255.0000,255.0000,255.0000,255.0000,255.0000,255.0000,255.0000,255.0000,255.0000,255.0000,255.0000,255.0000,255.0000,255.0000,255.0000,255.0000,255.0000,255.0000,255.0000,255.0000,255.0000,255.0000,255.0000,255.0000,255.0000,255.0000,255.0000,255.0000,255.0000,255.0000,255.0000,255.0000,255.0000,255.0000,255.0000,255.0000,255.0000,255.0000,255.0000,255.0000,255.0000,255.0000,255.0000,255.0000,255.0000,255.0000,255.0000,255.0000,255.0000,255.0000,255.0000,255.0000,255.0000,255.0000,255.0000,255.0000,255.0000,255.0000,255.0000,255.0000,255.0000,255.0000,255.0000,255.0000,255.0000,255.0000,255.0000,255.0000,255.0000,255.0000,255.0000
255.0000,255.0000,255.0000,255.0000,255.0000,255.0000,255.0000,255.0000,255.0000,255.0000,255.0000,255.0000,255.0000,255.0000,255.0000,255.0000,255.0000,255.0000,255.0000,255.0000,255.0000,255.0000,255.0000,255.0000,255.0000,255.0000,255.0000,255.0000,255.0000,255.0000,255.0000,255.0000,255.0000,255.0000,255.0000,255.0000,255.0000,255.0000,255.0000,255.0000,255.0000,255.0000,255.0000,255.0000,255.0000,255.0000,255.0000,255.0000,255.0000,255.0000,255.0000,255.0000,255.0000,255.0000,255.0000,255.0000,255.0000,255.0000,255.0000,255.0000,255.0000,255.0000,255.0000,255.0000,255.0000,255.0000,255.0000,255.0000,255.0000,255.0000,255.0000,255.0000,255.0000,255.0000,255.0000,255.0000,255.0000,255.0000,255.0000,255.0000,255.0000,255.0000,255.0000,255.0000,255.0000,255.0000,255.0000,255.0000,255.0000,255.0000,255.0000,255.0000,255.0000,255.0000,255.0000,255.0000,255.0000,255.0000,255.0000,255.0000
255.0000,255.0000,255.0000,255.0000,255.0000,255.0000,255.0000,255.0000,255.0000,255.0000,255.0000,255.0000,255.0000,255.0000,255.0000,255.0000,255.0000,255.0000,255.0000,255.0000,255.0000,255.0000,255.0000,255.0000,255.0000,255.0000,255.0000,255.0000,255.0000,255.0000,255.0000,255.0000,255.0000,255.0000,255.0000,255.0000,255.0000,255.0000,255.0000,255.0000,255.0000,255.0000,255.0000,255.0000,255.0000,255.0000,255.0000,255.0000,255.0000,255.0000,255.0000,255.0000,255.0000,255.0000,255.0000,255.0000,255.0000,255.0000,255.0000,255.0000,255.0000,255.0000,255.0000,255.0000,255.0000,255.0000,255.0000,255.0000,255.0000,255.0000,255.0000,255.0000,255.0000,255.0000,255.0000,255.0000,255.0000,255.0000,255.0000,255.0000,255.0000,255.0000,255.0000,255.0000,255.0000,255.0000,255.0000,255.0000,255.0000,255.0000,255.0000,255.0000,255.0000,255.0000,255.0000,255.0000,255.0000,255.0000,255.0000,255.0000
255.0000,255.0000,255.0000,255.0000,255.0000,255.0000,255.0000,255.0000,255.0000,255.0000,255.0000,255.0000,255.0000,255.0000,255.0000,255.0000,255.0000,255.0000,255.0000,255.0000,255.0000,255.0000,255.0000,255.0000,255.0000,255.0000,255.0000,255.0000,255.0000,255.0000,255.0000,255.0000,255.0000,255.0000,255.0000,255.0000,255.0000,255.0000,255.0000,255.0000,255.0000,255.0000,255.0000,255.0000,255.0000,255.0000,255.0000,255.0000,255.0000,255.0000,255.0000,255.0000,255.0000,255.0000,255.0000,255.0000,255.0000,255.0000,255.0000,255.0000,255.0000,255.0000,255.0000,255.0000,255.0000,255.0000,255.0000,255.0000,255.0000,255.0000,255.0000,255.0000,255.0000,255.0000,255.0000,255.0000,255.0000,255.0000,255.0000,255.0000,255.0000,255.0000,255.0000,255.0000,255.0000,255.0000,255.0000,255.0000,255.0000,255.0000,255.0000,255.0000,255.0000,255.0000,255.0000,255.0000,255.0000,255.0000,255.0000,255.0000
255.0000,255.0000,255.0000,255.0000,255.0000,255.0000,255.0000,255.0000,255.0000,255.0000,255.0000,255.0000,255.0000,255.0000,255.0000,255.0000,255.0000,255.0000,255.0000,255.0000,255.0000,255.0000,255.0000,255.0000,255.0000,255.0000,255.0000,255.0000,255.0000,255.0000,255.0000,255.0000,255.0000,255.0000,255.0000,255.0000,255.0000,255.0000,255.0000,255.0000,255.0000,255.0000,255.0000,255.0000,255.0000,255.0000,255.0000,255.0000,255.0000,255.0000,255.0000,255.0000,255.0000,255.0000,255.0000,255.0000,255.0000,255.0000,255.0000,255.0000,255.0000,255.0000,255.0000,255.0000,255.0000,255.0000,255.0000,255.0000,255.0000,255.0000,255.0000,255.0000,255.0000,255.0000,255.0000,255.0000,255.0000,255.0000,255.0000,255.0000,255.0000,255.0000,255.0000,255.0000,255.0000,255.0000,255.0000,255.0000,255.0000,255.0000,255.0000,255.0000,255.0000,255.0000,255.0000,255.0000,255.0000,255.0000,255.0000,255.0000
255.0000,255.0000,255.0000,255.0000,255.0000,255.0000,255.0000,255.0000,255.0000,255.0000,255.0000,255.0000,255.0000,255.0000,255.0000,255.0000,255.0000,255.0000,255.0000,255.0000,255.0000,255.0000,255.0000,255.0000,255.0000,255.0000,255.0000,255.0000,255.0000,255.0000,255.0000,255.0000,255.0000,255.0000,255.0000,255.0000,255.0000,255.0000,255.0000,255.0000,255.0000,255.0000,255.0000,255.0000,255.0000,255.0000,255.0000,255.0000,255.0000,255.0000,255.0000,255.0000,255.0000,255.0000,255.0000,255.0000,255.0000,255.0000,255.0000,255.0000,255.0000,255.0000,255.0000,255.0000,255.0000,255.0000,255.0000,255.0000,255.0000,255.0000,255.0000,255.0000,255.0000,255.0000,255.0000,255.0000,255.0000,255.0000,255.0000,255.0000,255.0000,255.0000,255.0000,255.0000,255.0000,255.0000,255.0000,255.0000,255.0000,255.0000,255.0000,255.0000,255.0000,255.0000,255.0000,255.0000,255.0000,255.0000,255.0000,255.0000
255.0000,255.0000,255.0000,255.0000,255.0000,255.0000,255.0000,255.0000,255.0000,255.0000,255.0000,255.0000,255.0000,255.0000,255.0000,255.0000,255.0000,255.0000,255.0000,255.0000,255.0000,255.0000,255.0000,255.0000,255.0000,255.0000,255.0000,255.0000,255.0000,255.0000,255.0000,255.0000,255.0000,255.0000,255.0000,255.0000,255.0000,255.0000,255.0000,255.0000,255.0000,255.0000,255.0000,255.0000,255.0000,255.0000,255.0000,255.0000,255.0000,255.0000,255.0000,255.0000,255.0000,255.0000,255.0000,255.0000,255.0000,255.0000,255.0000,255.0000,255.0000,255.0000,255.0000,255.0000,255.0000,255.0000,255.0000,255.0000,255.0000,255.0000,255.0000,255.0000,255.0000,255.0000,255.0000,255.0000,255.0000,255.0000,255.0000,255.0000,255.0000,255.0000,255.0000,255.0000,255.0000,255.0000,255.0000,255.0000,255.0000,255.0000,255.0000,255.0000,255.0000,255.0000,255.0000,255.0000,255.0000,255.0000,255.0000,255.0000
255.0000,255.0000,255.0000,255.0000,255.0000,255.0000,255.0000,255.0000,255.0000,255.0000,255.0000,255.0000,255.0000,255.0000,255.0000,255.0000,255.0000,255.0000,255.0000,255.0000,255.0000,255.0000,255.0000,255.0000,255.0000,255.0000,255.0000,255.0000,255.0000,255.0000,255.0000,255.0000,255.0000,255.0000,255.0000,255.0000,255.0000,255.0000,255.0000,255.0000,255.0000,255.0000,255.0000,255.0000,255.0000,255.0000,255.0000,255.0000,255.0000,255.0000,255.0000,255.0000,255.0000,255.0000,255.0000,255.0000,255.0000,255.0000,255.0000,255.0000,255.0000,255.0000,255.0000,255.0000,255.0000,255.0000,255.0000,255.0000,255.0000,255.0000,255.0000,255.0000,255.0000,255.0000,255.0000,255.0000,255.0000,255.0000,255.0000,255.0000,255.0000,255.0000,255.0000,255.0000,255.0000,255.0000,255.0000,255.0000,255.0000,255.0000,255.0000,255.0000,255.0000,255.0000,255.0000,255.0000,255.0000,255.0000,255.0000,255.0000
255.0000,255.0000,255.0000,255.0000,255.0000,255.0000,255.0000,255.0000,255.0000,255.0000,255.0000,255.0000,255.0000,255.0000,255.0000,255.0000,255.0000,255.0000,255.0000,255.0000,255.0000,255.0000,255.0000,255.0000,255.0000,255.0000,255.0000,255.0000,255.0000,255.0000,255.0000,255.0000,255.0000,255.0000,255.0000,255.0000,255.0000,255.0000,255.0000,255.0000,255.0000,255.0000,255.0000,255.0000,255.0000,255.0000,255.0000,255.0000,255.0000,255.0000,255.0000,255.0000,255.0000,255.0000,255.0000,255.0000,255.0000,255.0000,255.0000,255.0000,255.0000,255.0000,255.0000,255.0000,255.0000,255.0000,255.0000,255.0000,255.0000,255.0000,255.0000,255.0000,255.0000,255.0000,255.0000,255.0000,255.0000,255.0000,255.0000,255.0000,255.0000,255.0000,255.0000,255.0000,255.0000,255.0000,255.0000,255.0000,255.0000,255.0000,255.0000,255.0000,255.0000,255.0000,255.0000,255.0000,255.0000,255.0000,255.0000,255.0000
255.0000,255.0000,255.0000,255.0000,255.0000,255.0000,255.0000,255.0000,255.0000,255.0000,255.0000,255.0000,255.0000,255.0000,255.0000,255.0000,255.0000,255.0000,255.0000,255.0000,255.0000,255.0000,255.0000,255.0000,255.0000,255.0000,255.0000,255.0000,255.0000,255.0000,255.0000,255.0000,255.0000,255.0000,255.0000,255.0000,255.0000,255.0000,255.0000,255.0000,255.0000,255.0000,255.0000,255.0000,255.0000,255.0000,255.0000,255.0000,255.0000,255.0000,255.0000,255.0000,255.0000,255.0000,255.0000,255.0000,255.0000,255.0000,255.0000,255.0000,255.0000,255.0000,255.0000,255.0000,255.0000,255.0000,255.0000,255.0000,255.0000,255.0000,255.0000,255.0000,255.0000,255.0000,255.0000,255.0000,255.0000,255.0000,255.0000,255.0000,255.0000,255.0000,255.0000,255.0000,255.0000,255.0000,255.0000,255.0000,255.0000,255.0000,255.0000,255.0000,255.0000,255.0000,255.0000,255.0000,255.0000,255.0000,255.0000,255.0000
255.0000,255.0000,255.0000,255.0000,255.0000,255.0000,255.0000,255.0000,255.0000,255.0000,255.0000,255.0000,255.0000,255.0000,255.0000,255.0000,255.0000,255.0000,255.0000,255.0000,255.0000,255.0000,255.0000,255.0000,255.0000,255.0000,255.0000,255.0000,255.0000,255.0000,255.0000,255.0000,255.0000,255.0000,255.0000,255.0000,255.0000,255.0000,255.0000,255.0000,255.0000,255.0000,255.0000,255.0000,255.0000,255.0000,255.0000,255.0000,255.0000,255.0000,255.0000,255.0000,255.0000,255.0000,255.0000,255.0000,255.0000,255.0000,255.0000,255.0000,255.0000,255.0000,255.0000,255.0000,255.0000,255.0000,255.0000,255.0000,255.0000,255.0000,255.0000,255.0000,255.0000,255.0000,255.0000,255.0000,255.0000,255.0000,255.0000,255.0000,255.0000,255.0000,255.0000,255.0000,255.0000,255.0000,255.0000,255.0000,255.0000,255.0000,255.0000,255.0000,255.0000,255.0000,255.0000,255.0000,255.0000,255.0000,255.0000,255.0000
255.0000,255.0000,255.0000,255.0000,255.0000,255.0000,255.0000,255.0000,255.0000,255.0000,255.0000,255.0000,255.0000,255.0000,255.0000,255.0000,255.0000,255.0000,255.0000,255.0000,255.0000,255.0000,255.0000,255.0000,255.0000,255.0000,255.0000,255.0000,255.0000,255.0000,255.0000,255.0000,255.0000,255.0000,255.0000,255.0000,255.0000,255.0000,255.0000,255.0000,255.0000,255.0000,255.0000,255.0000,255.0000,255.0000,255.0000,255.0000,255.0000,255.0000,255.0000,255.0000,255.0000,255.0000,255.0000,255.0000,255.0000,255.0000,255.0000,255.0000,255.0000,255.0000,255.0000,255.0000,255.0000,255.0000,255.0000,255.0000,255.0000,255.0000,255.0000,255.0000,255.0000,255.0000,255.0000,255.0000,255.0000,255.0000,255.0000,255.0000,255.0000,255.0000,255.0000,255.0000,255.0000,255.0000,255.0000,255.0000,255.0000,255.0000,255.0000,255.0000,255.0000,255.0000,255.0000,255.0000,255.0000,255.0000,255.0000,255.0000
255.0000,255.0000,255.0000,255.0000,255.0000,255.0000,255.0000,255.0000,255.0000,255.0000,255.0000,255.0000,255.0000,255.0000,255.0000,255.0000,255.0000,255.0000,255.0000,255.0000,255.0000,255.0000,255.0000,255.0000,255.0000,255.0000,255.0000,255.0000,255.0000,255.0000,255.0000,255.0000,255.0000,255.0000,255.0000,255.0000,255.0000,255.0000,255.0000,255.0000,255.0000,255.0000,255.0000,255.0000,255.0000,255.0000,255.0000,255.0000,255.0000,255.0000,255.0000,255.0000,255.0000,255.0000,255.0000,255.0000,255.0000,255.0000,255.0000,255.0000,255.0000,255.0000,255.0000,255.0000,255.0000,255.0000,255.0000,255.0000,255.0000,255.0000,255.0000,255.0000,255.0000,255.0000,255.0000,255.0000,255.0000,255.0000,255.0000,255.0000,255.0000,255.0000,255.0000,255.0000,255.0000,255.0000,255.0000,255.0000,255.0000,255.0000,255.0000,255.0000,255.0000,255.0000,255.0000,255.0000,255.0000,255.0000,255.0000,255.0000
255.0000,255.0000,255.0000,255.0000,255.0000,255.0000,255.0000,255.0000,255.0000,255.0000,255.0000,255.0000,255.0000,255.0000,255.0000,255.0000,255.0000,255.0000,255.0000,255.0000,255.0000,255.0000,255.0000,255.0000,255.0000,255.0000,255.0000,255.0000,255.0000,255.0000,255.0000,255.0000,255.0000,255.0000,255.0000,255.0000,255.0000,255.0000,255.0000,255.0000,255.0000,255.0000,255.0000,255.0000,255.0000,255.0000,255.0000,255.0000,255.0000,255.0000,255.0000,255.0000,255.0000,255.0000,255.0000,255.0000,255.0000,255.0000,255.0000,255.0000,255.0000,255.0000,255.0000,255.0000,255.0000,255.0000,255.0000,255.0000,255.0000,255.0000,255.0000,255.0000,255.0000,255.0000,255.0000,255.0000,255.0000,255.0000,255.0000,255.0000,255.0000,255.0000,255.0000,255.0000,255.0000,255.0000,255.0000,255.0000,255.0000,255.0000,255.0000,255.0000,255.0000,255.0000,255.0000,255.0000,255.0000,255.0000,255.0000,255.0000
255.0000,255.0000,255.0000,255.0000,255.0000,255.0000,255.0000,255.0000,255.0000,255.0000,255.0000,255.0000,255.0000,255.0000,255.0000,255.0000,255.0000,255.0000,255.0000,255.0000,255.0000,255.0000,255.0000,255.0000,255.0000,255.0000,255.0000,255.0000,255.0000,255.0000,255.0000,255.0000,255.0000,255.0000,255.0000,255.0000,255.0000,255.0000,255.0000,255.0000,255.0000,255.0000,255.0000,255.0000,255.0000,255.0000,255.0000,255.0000,255.0000,255.0000,255.0000,255.0000,255.0000,255.0000,255.0000,255.0000,255.0000,255.0000,255.0000,255.0000,255.0000,255.0000,255.0000,255.0000,255.0000,255.0000,255.0000,255.0000,255.0000,255.0000,255.0000,255.0000,255.0000,255.0000,255.0000,255.0000,255.0000,255.0000,255.0000,255.0000,255.0000,255.0000,255.0000,255.0000,255.0000,255.0000,255.0000,255.0000,255.0000,255.0000,255.0000,255.0000,255.0000,255.0000,255.0000,255.0000,255.0000,255.0000,255.0000,255.0000
255.0000,255.0000,255.0000,255.0000,255.0000,255.0000,255.0000,255.0000,255.0000,255.0000,255.0000,255.0000,255.0000,255.0000,255.0000,255.0000,255.0000,255.0000,255.0000,255.0000,255.0000,255.0000,255.0000,255.0000,255.0000,255.0000,255.0000,255.0000,255.0000,255.0000,255.0000,255.0000,255.0000,255.0000,255.0000,255.0000,255.0000,255.0000,255.0000,255.0000,255.0000,255.0000,255.0000,255.0000,255.0000,255.0000,255.0000,255.0000,255.0000,255.0000,255.0000,255.0000,255.0000,255.0000,255.0000,255.0000,255.0000,255.0000,255.0000,255.0000,255.0000,255.0000,255.0000,255.0000,255.0000,255.0000,255.0000,255.0000,255.0000,255.0000,255.0000,255.0000,255.0000,255.0000,255.0000,255.0000,255.0000,255.0000,255.0000,255.0000,255.0000,255.0000,255.0000,255.0000,255.0000,255.0000,255.0000,255.0000,255.0000,255.0000,255.0000,255.0000,255.0000,255.0000,255.0000,255.0000,255.0000,255.0000,255.0000,255.0000
255.0000,255.0000,255.0000,255.0000,255.0000,255.0000,255.0000,255.0000,255.0000,255.0000,255.0000,255.0000,255.0000,255.0000,255.0000,255.0000,255.0000,255.0000,255.0000,255.0000,255.0000,255.0000,255.0000,255.0000,255.0000,255.0000,255.0000,255.0000,255.0000,255.0000,255.0000,255.0000,255.0000,255.0000,255.0000,255.0000,255.0000,255.0000,255.0000,255.0000,255.0000,255.0000,255.0000,255.0000,255.0000,255.0000,255.0000,255.0000,255.0000,255.0000,255.0000,255.0000,255.0000,255.0000,255.0000,255.0000,255.0000,255.0000,255.0000,255.0000,255.0000,255.0000,255.0000,255.0000,255.0000,255.0000,255.0000,255.0000,255.0000,255.0000,255.0000,255.0000,255.0000,255.0000,255.0000,255.0000,255.0000,255.0000,255.0000,255.0000,255.0000,255.0000,255.0000,255.0000,255.0000,255.0000,255.0000,255.0000,255.0000,255.0000,255.0000,255.0000,255.0000,255.0000,255.0000,255.0000,255.0000,255.0000,255.0000,255.0000
255.0000,255.0000,255.0000,255.0000,255.0000,255.0000,255.0000,255.0000,255.0000,255.0000,255.0000,255.0000,255.0000,255.0000,255.0000,255.0000,255.0000,255.0000,255.0000,255.0000,255.0000,255.0000,255.0000,255.0000,255.0000,255.0000,255.0000,255.0000,255.0000,255.0000,255.0000,255.0000,255.0000,255.0000,255.0000,255.0000,255.0000,255.0000,255.0000,255.0000,255.0000,255.0000,255.0000,255.0000,255.0000,255.0000,255.0000,255.0000,255.0000,255.0000,255.0000,255.0000,255.0000,255.0000,255.0000,255.0000,255.0000,255.0000,255.0000,255.0000,255.0000,255.0000,255.0000,255.0000,255.0000,255.0000,255.0000,255.0000,255.0000,255.0000,255.0000,255.0000,255.0000,255.0000,255.0000,255.0000,255.0000,255.0000,255.0000,255.0000,255.0000,255.0000,255.0000,255.0000,255.0000,255.0000,255.0000,255.0000,255.0000,255.0000,255.0000,255.0000,255.0000,255.0000,255.0000,255.0000,255.0000,255.0000,255.0000,255.0000
255.0000,255.0000,255.0000,255.0000,255.0000,255.0000,255.0000,255.0000,255.0000,255.0000,255.0000,255.0000,255.0000,255.0000,255.0000,255.0000,255.0000,255.0000,255.0000,255.0000,255.0000,255.0000,255.0000,255.0000,255.0000,255.0000,255.0000,255.0000,255.0000,255.0000,255.0000,255.0000,255.0000,255.0000,255.0000,255.0000,255.0000,255.0000,255.0000,255.0000,255.0000,255.0000,255.0000,255.0000,255.0000,255.0000,255.0000,255.0000,255.0000,255.0000,255.0000,255.0000,255.0000,255.0000,255.0000,255.0000,255.0000,255.0000,255.0000,255.0000,255.0000,255.0000,255.0000,255.0000,255.0000,255.0000,255.0000,255.0000,255.0000,255.0000,255.0000,255.0000,255.0000,255.0000,255.0000,255.0000,255.0000,255.0000,255.0000,255.0000,255.0000,255.0000,255.0000,255.0000,255.0000,255.0000,255.0000,255.0000,255.0000,255.0000,255.0000,255.0000,255.0000,255.0000,255.0000,255.0000,255.0000,255.0000,255.0000,255.0000
255.0000,255.0000,255.0000,255.0000,255.0000,255.0000,255.0000,255.0000,255.0000,255.0000,255.0000,255.0000,255.0000,255.0000,255.0000,255.0000,255.0000,255.0000,255.0000,255.0000,255.0000,255.0000,255.0000,255.0000,255.0000,255.0000,255.0000,255.0000,255.0000,255.0000,255.0000,255.0000,255.0000,255.0000,255.0000,255.0000,255.0000,255.0000,255.0000,255.0000,255.0000,255.0000,255.0000,255.0000,255.0000,255.0000,255.0000,255.0000,255.0000,255.0000,255.0000,255.0000,255.0000,255.0000,255.0000,255.0000,255.0000,255.0000,255.0000,255.0000,255.0000,255.0000,255.0000,255.0000,255.0000,255.0000,255.0000,255.0000,255.0000,255.0000,255.0000,255.0000,255.0000,255.0000,255.0000,255.0000,255.0000,255.0000,255.0000,255.0000,255.0000,255.0000,255.0000,255.0000,255.0000,255.0000,255.0000,255.0000,255.0000,255.0000,255.0000,255.0000,255.0000,255.0000,255.0000,255.0000,255.0000,255.0000,255.0000,255.0000
255.0000,255.0000,255.0000,255.0000,255.0000,255.0000,255.0000,255.0000,255.0000,255.0000,255.0000,255.0000,255.0000,255.0000,255.0000,255.0000,255.0000,255.0000,255.0000,255.0000,255.0000,255.0000,255.0000,255.0000,255.0000,255.0000,255.0000,255.0000,255.0000,255.0000,255.0000,255.0000,255.0000,255.0000,255.0000,255.0000,255.0000,255.0000,255.0000,255.0000,255.0000,255.0000,255.0000,255.0000,255.0000,255.0000,255.0000,255.0000,255.0000,255.0000,255.0000,255.0000,255.0000,255.0000,255.0000,255.0000,255.0000,255.0000,255.0000,255.0000,255.0000,255.0000,255.0000,255.0000,255.0000,255.0000,255.0000,255.0000,255.0000,255.0000,255.0000,255.0000,255.0000,255.0000,255.0000,255.0000,255.0000,255.0000,255.0000,255.0000,255.0000,255.0000,255.0000,255.0000,255.0000,255.0000,255.0000,255.0000,255.0000,255.0000,255.0000,255.0000,255.0000,255.0000,255.0000,255.0000,255.0000,255.0000,255.0000,255.0000
255.0000,255.0000,255.0000,255.0000,255.0000,255.0000,255.0000,255.0000,255.0000,255.0000,255.0000,255.0000,255.0000,255.0000,255.0000,255.0000,255.0000,255.0000,255.0000,255.0000,255.0000,255.0000,255.0000,255.0000,255.0000,255.0000,255.0000,255.0000,255.0000,255.0000,255.0000,255.0000,255.0000,255.0000,255.0000,255.0000,255.0000,255.0000,255.0000,255.0000,255.0000,255.0000,255.0000,255.0000,255.0000,255.0000,255.0000,255.0000,255.0000,255.0000,255.0000,255.0000,255.0000,255.0000,255.0000,255.0000,255.0000,255.0000,255.0000,255.0000,255.0000,255.0000,255.0000,255.0000,255.0000,255.0000,255.0000,255.0000,255.0000,255.0000,255.0000,255.0000,255.0000,255.0000,255.0000,255.0000,255.0000,255.0000,255.0000,255.0000,255.0000,255.0000,255.0000,255.0000,255.0000,255.0000,255.0000,255.0000,255.0000,255.0000,255.0000,255.0000,255.0000,255.0000,255.0000,255.0000,255.0000,255.0000,255.0000,255.0000
255.0000,255.0000,255.0000,255.0000,255.0000,255.0000,255.0000,255.0000,255.0000,255.0000,255.0000,255.0000,255.0000,255.0000,255.0000,255.0000,255.0000,255.0000,255.0000,255.0000,255.0000,255.0000,255.0000,255.0000,255.0000,255.0000,255.0000,255.0000,255.0000,255.0000,255.0000,255.0000,255.0000,255.0000,255.0000,255.0000,255.0000,255.0000,255.0000,255.0000,255.0000,255.0000,255.0000,255.0000,255.0000,255.0000,255.0000,255.0000,255.0000,255.0000,255.0000,255.0000,255.0000,255.0000,255.0000,255.0000,255.0000,255.0000,255.0000,255.0000,255.0000,255.0000,255.0000,255.0000,255.0000,255.0000,255.0000,255.0000,255.0000,255.0000,255.0000,255.0000,255.0000,255.0000,255.0000,255.0000,255.0000,255.0000,255.0000,255.0000,255.0000,255.0000,255.0000,255.0000,255.0000,255.0000,255.0000,255.0000,255.0000,255.0000,255.0000,255.0000,255.0000,255.0000,255.0000,255.0000,255.0000,255.0000,255.0000,255.0000
255.0000,255.0000,255.0000,255.0000,255.0000,255.0000,255.0000,255.0000,255.0000,255.0000,255.0000,255.0000,255.0000,255.0000,255.0000,255.0000,255.0000,255.0000,255.0000,255.0000,255.0000,255.0000,255.0000,255.0000,255.0000,255.0000,255.0000,255.0000,255.0000,255.0000,255.0000,255.0000,255.0000,255.0000,255.0000,255.0000,255.0000,255.0000,255.0000,255.0000,255.0000,255.0000,255.0000,255.0000,255.0000,255.0000,255.0000,255.0000,255.0000,255.0000,255.0000,255.0000,255.0000,255.0000,255.0000,255.0000,255.0000,255.0000,255.0000,255.0000,255.0000,255.0000,255.0000,255.0000,255.0000,255.0000,255.0000,255.0000,255.0000,255.0000,255.0000,255.0000,255.0000,255.0000,255.0000,255.0000,255.0000,255.0000,255.0000,255.0000,255.0000,255.0000,255.0000,255.0000,255.0000,255.0000,255.0000,255.0000,255.0000,255.0000,255.0000,255.0000,255.0000,255.0000,255.0000,255.0000,255.0000,255.0000,255.0000,255.0000
255.0000,255.0000,255.0000,255.0000,255.0000,255.0000,255.0000,255.0000,255.0000,255.0000,255.0000,255.0000,255.0000,255.0000,255.0000,255.0000,255.0000,255.0000,255.0000,255.0000,255.0000,255.0000,255.0000,255.0000,255.0000,255.0000,255.0000,255.0000,255.0000,255.0000,255.0000,255.0000,255.0000,255.0000,255.0000,255.0000,255.0000,255.0000,255.0000,255.0000,255.0000,255.0000,255.0000,255.0000,255.0000,255.0000,255.0000,255.0000,255.0000,255.0000,255.0000,255.0000,255.0000,255.0000,255.0000,255.0000,255.0000,255.0000,255.0000,255.0000,255.0000,255.0000,255.0000,255.0000,255.0000,255.0000,255.0000,255.0000,255.0000,255.0000,255.0000,255.0000,255.0000,255.0000,255.0000,255.0000,255.0000,255.0000,255.0000,255.0000,255.0000,255.0000,255.0000,255.0000,255.0000,255.0000,255.0000,255.0000,255.0000,255.0000,255.0000,255.0000,255.0000,255.0000,255.0000,255.0000,255.0000,255.0000,255.0000,255.0000
255.0000,255.0000,255.0000,255.0000,255.0000,255.0000,255.0000,255.0000,255.0000,255.0000,255.0000,255.0000,255.0000,255.0000,255.0000,255.0000,255.0000,255.0000,255.0000,255.0000,255.0000,255.0000,255.0000,255.0000,255.0000,255.0000,255.0000,255.0000,255.0000,255.0000,255.0000,255.0000,255.0000,255.0000,255.0000,255.0000,255.0000,255.0000,255.0000,255.0000,255.0000,255.0000,255.0000,255.0000,255.0000,255.0000,255.0000,255.0000,255.0000,255.0000,255.0000,255.0000,255.0000,255.0000,255.0000,255.0000,255.0000,255.0000,255.0000,255.0000,255.0000,255.0000,255.0000,255.0000,255.0000,255.0000,255.0000,255.0000,255.0000,255.0000,255.0000,255.0000,255.0000,255.0000,255.0000,255.0000,255.0000,255.0000,255.0000,255.0000,255.0000,255.0000,255.0000,255.0000,255.0000,255.0000,255.0000,255.0000,255.0000,255.0000,255.0000,255.0000,255.0000,255.0000,255.0000,255.0000,255.0000,255.0000,255.0000,255.0000
255.0000,255.0000,255.0000,255.0000,255.0000,255.0000,255.0000,255.0000,255.0000,255.0000,255.0000,255.0000,255.0000,255.0000,255.0000,255.0000,255.0000,255.0000,255.0000,255.0000,255.0000,255.0000,255.0000,255.0000,255.0000,255.0000,255.0000,255.0000,255.0000,255.0000,255.0000,255.0000,255.0000,255.0000,255.0000,255.0000,255.0000,255.0000,255.0000,255.0000,255.0000,255.0000,255.0000,255.0000,255.0000,255.0000,255.0000,255.0000,255.0000,255.0000,255.0000,255.0000,255.0000,255.0000,255.0000,255.0000,255.0000,255.0000,255.0000,255.0000,255.0000,255.0000,255.0000,255.0000,255.0000,255.0000,255.0000,255.0000,255.0000,255.0000,255.0000,255.0000,255.0000,255.0000,255.0000,255.0000,255.0000,255.0000,255.0000,255.0000,255.0000,255.0000,255.0000,255.0000,255.0000,255.0000,255.0000,255.0000,255.0000,255.0000,255.0000,255.0000,255.0000,255.0000,255.0000,255.0000,255.0000,255.0000,255.0000,255.0000
255.0000,255.0000,255.0000,255.0000,255.0000,255.0000,255.0000,255.0000,255.0000,255.0000,255.0000,255.0000,255.0000,255.0000,255.0000,255.0000,255.0000,255.0000,255.0000,255.0000,255.0000,255.0000,255.0000,255.0000,255.0000,255.0000,255.0000,255.0000,255.0000,255.0000,255.0000,255.0000,255.0000,255.0000,255.0000,255.0000,255.0000,255.0000,255.0000,255.0000,255.0000,255.0000,255.0000,255.0000,255.0000,255.0000,255.0000,255.0000,255.0000,255.0000,255.0000,255.0000,255.0000,255.0000,255.0000,255.0000,255.0000,255.0000,255.0000,255.0000,255.0000,255.0000,255.0000,255.0000,255.0000,255.0000,255.0000,255.0000,255.0000,255.0000,255.0000,255.0000,255.0000,255.0000,255.0000,255.0000,255.0000,255.0000,255.0000,255.0000,255.0000,255.0000,255.0000,255.0000,255.0000,255.0000,255.0000,255.0000,255.0000,255.0000,255.0000,255.0000,255.0000,255.0000,255.0000,255.0000,255.0000,255.0000,255.0000,255.0000
255.0000,255.0000,255.0000,255.0000,255.0000,255.0000,255.0000,255.0000,255.0000,255.0000,255.0000,255.0000,255.0000,255.0000,255.0000,255.0000,255.0000,255.0000,255.0000,255.0000,255.0000,255.0000,255.0000,255.0000,255.0000,255.0000,255.0000,255.0000,255.0000,255.0000,255.0000,255.0000,255.0000,255.0000,255.0000,255.0000,255.0000,255.0000,255.0000,255.0000,255.0000,255.0000,255.0000,255.0000,255.0000,255.0000,255.0000,255.0000,255.0000,255.0000,255.0000,255.0000,255.0000,255.0000,255.0000,255.0000,255.0000,255.0000,255.0000,255.0000,255.0000,255.0000,255.0000,255.0000,255.0000,255.0000,255.0000,255.0000,255.0000,255.0000,255.0000,255.0000,255.0000,255.0000,255.0000,255.0000,255.0000,255.0000,255.0000,255.0000,255.0000,255.0000,255.0000,255.0000,255.0000,255.0000,255.0000,255.0000,255.0000,255.0000,255.0000,255.0000,255.0000,255.0000,255.0000,255.0000,255.0000,255.0000,255.0000,255.0000
255.0000,255.0000,255.0000,255.0000,255.0000,255.0000,255.0000,255.0000,255.0000,255.0000,255.0000,255.0000,255.0000,255.0000,255.0000,255.0000,255.0000,255.0000,255.0000,255.0000,255.0000,255.0000,255.0000,255.0000,255.0000,255.0000,255.0000,255.0000,255.0000,255.0000,255.0000,255.0000,255.0000,255.0000,255.0000,255.0000,255.0000,255.0000,255.0000,255.0000,255.0000,255.0000,255.0000,255.0000,255.0000,255.0000,255.0000,255.0000,255.0000,255.0000,255.0000,255.0000,255.0000,255.0000,255.0000,255.0000,255.0000,255.0000,255.0000,255.0000,255.0000,255.0000,255.0000,255.0000,255.0000,255.0000,255.0000,255.0000,255.0000,255.0000,255.0000,255.0000,255.0000,255.0000,255.0000,255.0000,255.0000,255.0000,255.0000,255.0000,255.0000,255.0000,255.0000,255.0000,255.0000,255.0000,255.0000,255.0000,255.0000,255.0000,255.0000,255.0000,255.0000,255.0000,255.0000,255.0000,255.0000,255.0000,255.0000,255.0000
255.0000,255.0000,255.0000,255.0000,255.0000,255.0000,255.0000,255.0000,255.0000,255.0000,255.0000,255.0000,255.0000,255.0000,255.0000,255.0000,255.0000,255.0000,255.0000,255.0000,255.0000,255.0000,255.0000,255.0000,255.0000,255.0000,255.0000,255.0000,255.0000,255.0000,255.0000,255.0000,255.0000,255.0000,255.0000,255.0000,255.0000,255.0000,255.0000,255.0000,255.0000,255.0000,255.0000,255.0000,255.0000,255.0000,255.0000,255.0000,255.0000,255.0000,255.0000,255.0000,255.0000,255.0000,255.0000,255.0000,255.0000,255.0000,255.0000,255.0000,255.0000,255.0000,255.0000,255.0000,255.0000,255.0000,255.0000,255.0000,255.0000,255.0000,255.0000,255.0000,255.0000,255.0000,255.0000,255.0000,255.0000,255.0000,255.0000,255.0000,255.0000,255.0000,255.0000,255.0000,255.0000,255.0000,255.0000,255.0000,255.0000,255.0000,255.0000,255.0000,255.0000,255.0000,255.0000,255.0000,255.0000,255.0000,255.0000,255.0000
255.0000,255.0000,255.0000,255.0000,255.0000,255.0000,255.0000,255.0000,255.0000,255.0000,255.0000,255.0000,255.0000,255.0000,255.0000,255.0000,255.0000,255.0000,255.0000,255.0000,255.0000,255.0000,255.0000,255.0000,255.0000,255.0000,255.0000,255.0000,255.0000,255.0000,255.0000,255.0000,255.0000,255.0000,255.0000,255.0000,255.0000,255.0000,255.0000,255.0000,255.0000,255.0000,255.0000,255.0000,255.0000,255.0000,255.0000,255.0000,255.0000,255.0000,255.0000,255.0000,255.0000,255.0000,255.0000,255.0000,255.0000,255.0000,255.0000,255.0000,255.0000,255.0000,255.0000,255.0000,255.0000,255.0000,255.0000,255.0000,255.0000,255.0000,255.0000,255.0000,255.0000,255.0000,255.0000,255.0000,255.0000,255.0000,255.0000,255.0000,255.0000,255.0000,255.0000,255.0000,255.0000,255.0000,255.0000,255.0000,255.0000,255.0000,255.0000,255.0000,255.0000,255.0000,255.0000,255.0000,255.0000,255.0000,255.0000,255.0000
255.0000,255.0000,255.0000,255.0000,255.0000,255.0000,255.0000,255.0000,255.0000,255.0000,255.0000,255.0000,255.0000,255.0000,255.0000,255.0000,255.0000,255.0000,255.0000,255.0000,255.0000,255.0000,255.0000,255.0000,255.0000,255.0000,255.0000,255.0000,255.0000,255.0000,255.0000,255.0000,255.0000,255.0000,255.0000,255.0000,255.0000,255.0000,255.0000,255.0000,255.0000,255.0000,255.0000,255.0000,255.0000,255.0000,255.0000,255.0000,255.0000,255.0000,255.0000,255.0000,255.0000,255.0000,255.0000,255.0000,255.0000,255.0000,255.0000,255.0000,255.0000,255.0000,255.0000,255.0000,255.0000,255.0000,255.0000,255.0000,255.0000,255.0000,255.0000,255.0000,255.0000,255.0000,255.0000,255.0000,255.0000,255.0000,255.0000,255.0000,255.0000,255.0000,255.0000,255.0000,255.0000,255.0000,255.0000,255.0000,255.0000,255.0000,255.0000,255.0000,255.0000,255.0000,255.0000,255.0000,255.0000,255.0000,255.0000,255.0000
255.0000,255.0000,255.0000,255.0000,255.0000,255.0000,255.0000,255.0000,255.0000,255.0000,255.0000,255.0000,255.0000,255.0000,255.0000,255.0000,255.0000,255.0000,255.0000,255.0000,255.0000,255.0000,255.0000,255.0000,255.0000,255.0000,255.0000,255.0000,255.0000,255.0000,255.0000,255.0000,255.0000,255.0000,255.0000,255.0000,255.0000,255.0000,255.0000,255.0000,255.0000,255.0000,255.0000,255.0000,255.0000,255.0000,255.0000,255.0000,255.0000,255.0000,255.0000,255.0000,255.0000,255.0000,255.0000,255.0000,255.0000,255.0000,255.0000,255.0000,255.0000,255.0000,255.0000,255.0000,255.0000,255.0000,255.0000,255.0000,255.0000,255.0000,255.0000,255.0000,255.0000,255.0000,255.0000,255.0000,255.0000,255.0000,255.0000,255.0000,255.0000,255.0000,255.0000,255.0000,255.0000,255.0000,255.0000,255.0000,255.0000,255.0000,255.0000,255.0000,255.0000,255.0000,255.0000,255.0000,255.0000,255.0000,255.0000,255.0000
255.0000,255.0000,255.0000,255.0000,255.0000,255.0000,255.0000,255.0000,255.0000,255.0000,255.0000,255.0000,255.0000,255.0000,255.0000,255.0000,255.0000,255.0000,255.0000,255.0000,255.0000,255.0000,255.0000,255.0000,255.0000,255.0000,255.0000,255.0000,255.0000,255.0000,255.0000,255.0000,255.0000,255.0000,255.0000,255.0000,255.0000,255.0000,255.0000,255.0000,255.0000,255.0000,255.0000,255.0000,255.0000,255.0000,255.0000,255.0000,255.0000,255.0000,255.0000,255.0000,255.0000,255.0000,255.0000,255.0000,255.0000,255.0000,255.0000,255.0000,255.0000,255.0000,255.0000,255.0000,255.0000,255.0000,255.0000,255.0000,255.0000,255.0000,255.0000,255.0000,255.0000,255.0000,255.0000,255.0000,255.0000,255.0000,255.0000,255.0000,255.0000,255.0000,255.0000,255.0000,255.0000,255.0000,255.0000,255.0000,255.0000,255.0000,255.0000,255.0000,255.0000,255.0000,255.0000,255.0000,255.0000,255.0000,255.0000,255.0000
255.0000,255.0000,255.0000,255.0000,255.0000,255.0000,255.0000,255.0000,255.0000,255.0000,255.0000,255.0000,255.0000,255.0000,255.0000,255.0000,255.0000,255.0000,255.0000,255.0000,255.0000,255.0000,255.0000,255.0000,255.0000,255.0000,255.0000,255.0000,255.0000,255.0000,255.0000,255.0000,255.0000,255.0000,255.0000,255.0000,255.0000,255.0000,255.0000,255.0000,255.0000,255.0000,255.0000,255.0000,255.0000,255.0000,255.0000,255.0000,255.0000,255.0000,255.0000,255.0000,255.0000,255.0000,255.0000,255.0000,255.0000,255.0000,255.0000,255.0000,255.0000,255.0000,255.0000,255.0000,255.0000,255.0000,255.0000,255.0000,255.0000,255.0000,255.0000,255.0000,255.0000,255.0000,255.0000,255.0000,255.0000,255.0000,255.0000,255.0000,255.0000,255.0000,255.0000,255.0000,255.0000,255.0000,255.0000,255.0000,255.0000,255.0000,255.0000,255.0000,255.0000,255.0000,255.0000,255.0000,255.0000,255.0000,255.0000,255.0000
255.0000,255.0000,255.0000,255.0000,255.0000,255.0000,255.0000,255.0000,255.0000,255.0000,255.0000,255.0000,255.0000,255.0000,255.0000,255.0000,255.0000,255.0000,255.0000,255.0000,255.0000,255.0000,255.0000,255.0000,255.0000,255.0000,255.0000,255.0000,255.0000,255.0000,255.0000,255.0000,255.0000,255.0000,255.0000,255.0000,255.0000,255.0000,255.0000,255.0000,255.0000,255.0000,255.0000,255.0000,255.0000,255.0000,255.0000,255.0000,255.0000,255.0000,255.0000,255.0000,255.0000,255.0000,255.0000,255.0000,255.0000,255.0000,255.0000,255.0000,255.0000,255.0000,255.0000,255.0000,255.0000,255.0000,255.0000,255.0000,255.0000,255.0000,255.0000,255.0000,255.0000,255.0000,255.0000,255.0000,255.0000,255.0000,255.0000,255.0000,255.0000,255.0000,255.0000,255.0000,255.0000,255.0000,255.0000,255.0000,255.0000,255.0000,255.0000,255.0000,255.0000,255.0000,255.0000,255.0000,255.0000,255.0000,255.0000,255.0000
255.0000,255.0000,255.0000,255.0000,255.0000,255.0000,255.0000,255.0000,255.0000,255.0000,255.0000,255.0000,255.0000,255.0000,255.0000,255.0000,255.0000,255.0000,255.0000,255.0000,255.0000,255.0000,255.0000,255.0000,255.0000,255.0000,255.0000,255.0000,255.0000,255.0000,255.0000,255.0000,255.0000,255.0000,255.0000,255.0000,255.0000,255.0000,255.0000,255.0000,255.0000,255.0000,255.0000,255.0000,255.0000,255.0000,255.0000,255.0000,255.0000,255.0000,255.0000,255.0000,255.0000,255.0000,255.0000,255.0000,255.0000,255.0000,255.0000,255.0000,255.0000,255.0000,255.0000,255.0000,255.0000,255.0000,255.0000,255.0000,255.0000,255.0000,255.0000,255.0000,255.0000,255.0000,255.0000,255.0000,255.0000,255.0000,255.0000,255.0000,255.0000,255.0000,255.0000,255.0000,255.0000,255.0000,255.0000,255.0000,255.0000,255.0000,255.0000,255.0000,255.0000,255.0000,255.0000,255.0000,255.0000,255.0000,255.0000,255.0000
255.0000,255.0000,255.0000,255.0000,255.0000,255.0000,255.0000,255.0000,255.0000,255.0000,255.0000,255.0000,255.0000,255.0000,255.0000,255.0000,255.0000,255.0000,255.0000,255.0000,255.0000,255.0000,255.0000,255.0000,255.0000,255.0000,255.0000,255.0000,255.0000,255.0000,255.0000,255.0000,255.0000,255.0000,255.0000,255.0000,255.0000,255.0000,255.0000,255.0000,255.0000,255.0000,255.0000,255.0000,255.0000,255.0000,255.0000,255.0000,255.0000,255.0000,255.0000,255.0000,255.0000,255.0000,255.0000,255.0000,255.0000,255.0000,255.0000,255.0000,255.0000,255.0000,255.0000,255.0000,255.0000,255.0000,255.0000,255.0000,255.0000,255.0000,255.0000,255.0000,255.0000,255.0000,255.0000,255.0000,255.0000,255.0000,255.0000,255.0000,255.0000,255.0000,255.0000,255.0000,255.0000,255.0000,255.0000,255.0000,255.0000,255.0000,255.0000,255.0000,255.0000,255.0000,255.0000,255.0000,255.0000,255.0000,255.0000,255.0000
255.0000,255.0000,255.0000,255.0000,255.0000,255.0000,255.0000,255.0000,255.0000,255.0000,255.0000,255.0000,255.0000,255.0000,255.0000,255.0000,255.0000,255.0000,255.0000,255.0000,255.0000,255.0000,255.0000,255.0000,255.0000,255.0000,255.0000,255.0000,255.0000,255.0000,255.0000,255.0000,255.0000,255.0000,255.0000,255.0000,255.0000,255.0000,255.0000,255.0000,255.0000,255.0000,255.0000,255.0000,255.0000,255.0000,255.0000,255.0000,255.0000,255.0000,255.0000,255.0000,255.0000,255.0000,255.0000,255.0000,255.0000,255.0000,255.0000,255.0000,255.0000,255.0000,255.0000,255.0000,255.0000,255.0000,255.0000,255.0000,255.0000,255.0000,255.0000,255.0000,255.0000,255.0000,255.0000,255.0000,255.0000,255.0000,255.0000,255.0000,255.0000,255.0000,255.0000,255.0000,255.0000,255.0000,255.0000,255.0000,255.0000,255.0000,255.0000,255.0000,255.0000,255.0000,255.0000,255.0000,255.0000,255.0000,255.0000,255.0000
255.0000,255.0000,255.0000,255.0000,255.0000,255.0000,255.0000,255.0000,255.0000,255.0000,255.0000,255.0000,255.0000,255.0000,255.0000,255.0000,255.0000,255.0000,255.0000,255.0000,255.0000,255.0000,255.0000,255.0000,255.0000,255.0000,255.0000,255.0000,255.0000,255.0000,255.0000,255.0000,255.0000,255.0000,255.0000,255.0000,255.0000,255.0000,255.0000,255.0000,255.0000,255.0000,255.0000,255.0000,255.0000,255.0000,255.0000,255.0000,255.0000,255.0000,255.0000,255.0000,255.0000,255.0000,255.0000,255.0000,255.0000,255.0000,255.0000,255.0000,255.0000,255.0000,255.0000,255.0000,255.0000,255.0000,255.0000,255.0000,255.0000,255.0000,255.0000,255.0000,255.0000,255.0000,255.0000,255.0000,255.0000,255.0000,255.0000,255.0000,255.0000,255.0000,255.0000,255.0000,255.0000,255.0000,255.0000,255.0000,255.0000,255.0000,255.0000,255.0000,255.0000,255.0000,255.0000,255.0000,255.0000,255.0000,255.0000,255.0000
255.0000,255.0000,255.0000,255.0000,255.0000,255.0000,255.0000,255.0000,255.0000,255.0000,255.0000,255.0000,255.0000,255.0000,255.0000,255.0000,255.0000,255.0000,255.0000,255.0000,255.0000,255.0000,255.0000,255.0000,255.0000,255.0000,255.0000,255.0000,255.0000,255.0000,255.0000,255.0000,255.0000,255.0000,255.0000,255.0000,255.0000,255.0000,255.0000,255.0000,255.0000,255.0000,255.0000,255.0000,255.0000,255.0000,255.0000,255.0000,255.0000,255.0000,255.0000,255.0000,255.0000,255.0000,255.0000,255.0000,255.0000,255.0000,255.0000,255.0000,255.0000,255.0000,255.0000,255.0000,255.0000,255.0000,255.0000,255.0000,255.0000,255.0000,255.0000,255.0000,255.0000,255.0000,255.0000,255.0000,255.0000,255.0000,255.0000,255.0000,255.0000,255.0000,255.0000,255.0000,255.0000,255.0000,255.0000,255.0000,255.0000,255.0000,255.0000,255.0000,255.0000,255.0000,255.0000,255.0000,255.0000,255.0000,255.0000,255.0000
255.0000,255.0000,255.0000,255.0000,255.0000,255.0000,255.0000,255.0000,255.0000,255.0000,255.0000,255.0000,255.0000,255.0000,255.0000,255.0000,255.0000,255.0000,255.0000,255.0000,255.0000,255.0000,255.0000,255.0000,255.0000,255.0000,255.0000,255.0000,255.0000,255.0000,255.0000,255.0000,255.0000,255.0000,255.0000,255.0000,255.0000,255.0000,255.0000,255.0000,255.0000,255.0000,255.0000,255.0000,255.0000,255.0000,255.0000,255.0000,255.0000,255.0000,255.0000,255.0000,255.0000,255.0000,255.0000,255.0000,255.0000,255.0000,255.0000,255.0000,255.0000,255.0000,255.0000,255.0000,255.0000,255.0000,255.0000,255.0000,255.0000,255.0000,255.0000,255.0000,255.0000,255.0000,255.0000,255.0000,255.0000,255.0000,255.0000,255.0000,255.0000,255.0000,255.0000,255.0000,255.0000,255.0000,255.0000,255.0000,255.0000,255.0000,255.0000,255.0000,255.0000,255.0000,255.0000,255.0000,255.0000,255.0000,255.0000,255.0000
255.0000,255.0000,255.0000,255.0000,255.0000,255.0000,255.0000,255.0000,255.0000,255.0000,255.0000,255.0000,255.0000,255.0000,255.0000,255.0000,255.0000,255.0000,255.0000,255.0000,255.0000,255.0000,255.0000,255.0000,255.0000,255.0000,255.0000,255.0000,255.0000,255.0000,255.0000,255.0000,255.0000,255.0000,255.0000,255.0000,255.0000,255.0000,255.0000,255.0000,255.0000,255.0000,255.0000,255.0000,255.0000,255.0000,255.0000,255.0000,255.0000,255.0000,255.0000,255.0000,255.0000,255.0000,255.0000,255.0000,255.0000,255.0000,255.0000,255.0000,255.0000,255.0000,255.0000,255.0000,255.0000,255.0000,255.0000,255.0000,255.0000,255.0000,255.0000,255.0000,255.0000,255.0000,255.0000,255.0000,255.0000,255.0000,255.0000,255.0000,255.0000,255.0000,255.0000,255.0000,255.0000,255.0000,255.0000,255.0000,255.0000,255.0000,255.0000,255.0000,255.0000,255.0000,255.0000,255.0000,255.0000,255.0000,255.0000,255.0000
255.0000,255.0000,255.0000,255.0000,255.0000,255.0000,255.0000,255.0000,255.0000,255.0000,255.0000,255.0000,255.0000,255.0000,255.0000,255.0000,255.0000,255.0000,255.0000,255.0000,255.0000,255.0000,255.0000,255.0000,255.0000,255.0000,255.0000,255.0000,255.0000,255.0000,255.0000,255.0000,255.0000,255.0000,255.0000,255.0000,255.0000,255.0000,255.0000,255.0000,255.0000,255.0000,255.0000,255.0000,255.0000,255.0000,255.0000,255.0000,255.0000,255.0000,255.0000,255.0000,255.0000,255.0000,255.0000,255.0000,255.0000,255.0000,255.0000,255.0000,255.0000,255.0000,255.0000,255.0000,255.0000,255.0000,255.0000,255.0000,255.0000,255.0000,255.0000,255.0000,255.0000,255.0000,255.0000,255.0000,255.0000,255.0000,255.0000,255.0000,255.0000,255.0000,255.0000,255.0000,255.0000,255.0000,255.0000,255.0000,255.0000,255.0000,255.0000,255.0000,255.0000,255.0000,255.0000,255.0000,255.0000,255.0000,255.0000,255.0000
255.0000,255.0000,255.0000,255.0000,255.0000,255.0000,255.0000,255.0000,255.0000,255.0000,255.0000,255.0000,255.0000,255.0000,255.0000,255.0000,255.0000,255.0000,255.0000,255.0000,255.0000,255.0000,255.0000,255.0000,255.0000,255.0000,255.0000,255.0000,255.0000,255.0000,255.0000,255.0000,255.0000,255.0000,255.0000,255.0000,255.0000,255.0000,255.0000,255.0000,255.0000,255.0000,255.0000,255.0000,255.0000,255.0000,255.0000,255.0000,255.0000,255.0000,255.0000,255.0000,255.0000,255.0000,255.0000,255.0000,255.0000,255.0000,255.0000,255.0000,255.0000,255.0000,255.0000,255.0000,255.0000,255.0000,255.0000,255.0000,255.0000,255.0000,255.0000,255.0000,255.0000,255.0000,255.0000,255.0000,255.0000,255.0000,255.0000,255.0000,255.0000,255.0000,255.0000,255.0000,255.0000,255.0000,255.0000,255.0000,255.0000,255.0000,255.0000,255.0000,255.0000,255.0000,255.0000,255.0000,255.0000,255.0000,255.0000,255.0000
255.0000,255.0000,255.0000,255.0000,255.0000,255.0000,255.0000,255.0000,255.0000,255.0000,255.0000,255.0000,255.0000,255.0000,255.0000,255.0000,255.0000,255.0000,255.0000,255.0000,255.0000,255.0000,255.0000,255.0000,255.0000,255.0000,255.0000,255.0000,255.0000,255.0000,255.0000,255.0000,255.0000,255.0000,255.0000,255.0000,255.0000,255.0000,255.0000,255.0000,255.0000,255.0000,255.0000,255.0000,255.0000,255.0000,255.0000,255.0000,255.0000,255.0000,255.0000,255.0000,255.0000,255.0000,255.0000,255.0000,255.0000,255.0000,255.0000,255.0000,255.0000,255.0000,255.0000,255.0000,255.0000,255.0000,255.0000,255.0000,255.0000,255.0000,255.0000,255.0000,255.0000,255.0000,255.0000,255.0000,255.0000,255.0000,255.0000,255.0000,255.0000,255.0000,255.0000,255.0000,255.0000,255.0000,255.0000,255.0000,255.0000,255.0000,255.0000,255.0000,255.0000,255.0000,255.0000,255.0000,255.0000,255.0000,255.0000,255.0000
255.0000,255.0000,255.0000,255.0000,255.0000,255.0000,255.0000,255.0000,255.0000,255.0000,255.0000,255.0000,255.0000,255.0000,255.0000,255.0000,255.0000,255.0000,255.0000,255.0000,255.0000,255.0000,255.0000,255.0000,255.0000,255.0000,255.0000,255.0000,255.0000,255.0000,255.0000,255.0000,255.0000,255.0000,255.0000,255.0000,255.0000,255.0000,255.0000,255.0000,255.0000,255.0000,255.0000,255.0000,255.0000,255.0000,255.0000,255.0000,255.0000,255.0000,255.0000,255.0000,255.0000,255.0000,255.0000,255.0000,255.0000,255.0000,255.0000,255.0000,255.0000,255.0000,255.0000,255.0000,255.0000,255.0000,255.0000,255.0000,255.0000,255.0000,255.0000,255.0000,255.0000,255.0000,255.0000,255.0000,255.0000,255.0000,255.0000,255.0000,255.0000,255.0000,255.0000,255.0000,255.0000,255.0000,255.0000,255.0000,255.0000,255.0000,255.0000,255.0000,255.0000,255.0000,255.0000,255.0000,255.0000,255.0000,255.0000,255.0000
255.0000,255.0000,255.0000,255.0000,255.0000,255.0000,255.0000,255.0000,255.0000,255.0000,255.0000,255.0000,255.0000,255.0000,255.0000,255.0000,255.0000,255.0000,255.0000,255.0000,255.0000,255.0000,255.0000,255.0000,255.0000,255.0000,255.0000,255.0000,255.0000,255.0000,255.0000,255.0000,255.0000,255.0000,255.0000,255.0000,255.0000,255.0000,255.0000,255.0000,255.0000,255.0000,255.0000,255.0000,255.0000,255.0000,255.0000,255.0000,255.0000,255.0000,255.0000,255.0000,255.0000,255.0000,255.0000,255.0000,255.0000,255.0000,255.0000,255.0000,255.0000,255.0000,255.0000,255.0000,255.0000,255.0000,255.0000,255.0000,255.0000,255.0000,255.0000,255.0000,255.0000,255.0000,255.0000,255.0000,255.0000,255.0000,255.0000,255.0000,255.0000,255.0000,255.0000,255.0000,255.0000,255.0000,255.0000,255.0000,255.0000,255.0000,255.0000,255.0000,255.0000,255.0000,255.0000,255.0000,255.0000,255.0000,255.0000,255.0000
255.0000,255.0000,255.0000,255.0000,255.0000,255.0000,255.0000,255.0000,255.0000,255.0000,255.0000,255.0000,255.0000,255.0000,255.0000,255.0000,255.0000,255.0000,255.0000,255.0000,255.0000,255.0000,255.0000,255.0000,255.0000,255.0000,255.0000,255.0000,255.0000,255.0000,255.0000,255.0000,255.0000,255.0000,255.0000,255.0000,255.0000,255.0000,255.0000,255.0000,255.0000,255.0000,255.0000,255.0000,255.0000,255.0000,255.0000,255.0000,255.0000,255.0000,255.0000,255.0000,255.0000,255.0000,255.0000,255.0000,255.0000,255.0000,255.0000,255.0000,255.0000,255.0000,255.0000,255.0000,255.0000,255.0000,255.0000,255.0000,255.0000,255.0000,255.0000,255.0000,255.0000,255.0000,255.0000,255.0000,255.0000,255.0000,255.0000,255.0000,255.0000,255.0000,255.0000,255.0000,255.0000,255.0000,255.0000,255.0000,255.0000,255.0000,255.0000,255.0000,255.0000,255.0000,255.0000,255.0000,255.0000,255.0000,255.0000,255.0000
255.0000,255.0000,255.0000,255.0000,255.0000,255.0000,255.0000,255.0000,255.0000,255.0000,255.0000,255.0000,255.0000,255.0000,255.0000,255.0000,255.0000,255.0000,255.0000,255.0000,255.0000,255.0000,255.0000,255.0000,255.0000,255.0000,255.0000,255.0000,255.0000,255.0000,255.0000,255.0000,255.0000,255.0000,255.0000,255.0000,255.0000,255.0000,255.0000,255.0000,255.0000,255.0000,255.0000,255.0000,255.0000,255.0000,255.0000,255.0000,255.0000,255.0000,255.0000,255.0000,255.0000,255.0000,255.0000,255.0000,255.0000,255.0000,255.0000,255.0000,255.0000,255.0000,255.0000,255.0000,255.0000,255.0000,255.0000,255.0000,255.0000,255.0000,255.0000,255.0000,255.0000,255.0000,255.0000,255.0000,255.0000,255.0000,255.0000,255.0000,255.0000,255.0000,255.0000,255.0000,255.0000,255.0000,255.0000,255.0000,255.0000,255.0000,255.0000,255.0000,255.0000,255.0000,255.0000,255.0000,255.0000,255.0000,255.0000,255.0000
255.0000,255.0000,255.0000,255.0000,255.0000,255.0000,255.0000,255.0000,255.0000,255.0000,255.0000,255.0000,255.0000,255.0000,255.0000,255.0000,255.0000,255.0000,255.0000,255.0000,255.0000,255.0000,255.0000,255.0000,255.0000,255.0000,255.0000,255.0000,255.0000,255.0000,255.0000,255.0000,255.0000,255.0000,255.0000,255.0000,255.0000,255.0000,255.0000,255.0000,255.0000,255.0000,255.0000,255.0000,255.0000,255.0000,255.0000,255.0000,255.0000,255.0000,255.0000,255.0000,255.0000,255.0000,255.0000,255.0000,255.0000,255.0000,255.0000,255.0000,255.0000,255.0000,255.0000,255.0000,255.0000,255.0000,255.0000,255.0000,255.0000,255.0000,255.0000,255.0000,255.0000,255.0000,255.0000,255.0000,255.0000,255.0000,255.0000,255.0000,255.0000,255.0000,255.0000,255.0000,255.0000,255.0000,255.0000,255.0000,255.0000,255.0000,255.0000,255.0000,255.0000,255.0000,255.0000,255.0000,255.0000,255.0000,255.0000,255.0000
255.0000,255.0000,255.0000,255.0000,255.0000,255.0000,255.0000,255.0000,255.0000,255.0000,255.0000,255.0000,255.0000,255.0000,255.0000,255.0000,255.0000,255.0000,255.0000,255.0000,255.0000,255.0000,255.0000,255.0000,255.0000,255.0000,255.0000,255.0000,255.0000,255.0000,255.0000,255.0000,255.0000,255.0000,255.0000,255.0000,255.0000,255.0000,255.0000,255.0000,255.0000,255.0000,255.0000,255.0000,255.0000,255.0000,255.0000,255.0000,255.0000,255.0000,255.0000,255.0000,255.0000,255.0000,255.0000,255.0000,255.0000,255.0000,255.0000,255.0000,255.0000,255.0000,255.0000,255.0000,255.0000,255.0000,255.0000,255.0000,255.0000,255.0000,255.0000,255.0000,255.0000,255.0000,255.0000,255.0000,255.0000,255.0000,255.0000,255.0000,255.0000,255.0000,255.0000,255.0000,255.0000,255.0000,255.0000,255.0000,255.0000,255.0000,255.0000,255.0000,255.0000,255.0000,255.0000,255.0000,255.0000,255.0000,255.0000,255.0000
255.0000,255.0000,255.0000,255.0000,255.0000,255.0000,255.0000,255.0000,255.0000,255.0000,255.0000,255.0000,255.0000,255.0000,255.0000,255.0000,255.0000,255.0000,255.0000,255.0000,255.0000,255.0000,255.0000,255.0000,255.0000,255.0000,255.0000,255.0000,255.0000,255.0000,255.0000,255.0000,255.0000,255.0000,255.0000,255.0000,255.0000,255.0000,255.0000,255.0000,255.0000,255.0000,255.0000,255.0000,255.0000,255.0000,255.0000,255.0000,255.0000,255.0000,255.0000,255.0000,255.0000,255.0000,255.0000,255.0000,255.0000,255.0000,255.0000,255.0000,255.0000,255.0000,255.0000,255.0000,255.0000,255.0000,255.0000,255.0000,255.0000,255.0000,255.0000,255.0000,255.0000,255.0000,255.0000,255.0000,255.0000,255.0000,255.0000,255.0000,255.0000,255.0000,255.0000,255.0000,255.0000,255.0000,255.0000,255.0000,255.0000,255.0000,255.0000,255.0000,255.0000,255.0000,255.0000,255.0000,255.0000,255.0000,255.0000,255.0000
255.0000,255.0000,255.0000,255.0000,255.0000,255.0000,255.0000,255.0000,255.0000,255.0000,255.0000,255.0000,255.0000,255.0000,255.0000,255.0000,255.0000,255.0000,255.0000,255.0000,255.0000,255.0000,255.0000,255.0000,255.0000,255.0000,255.0000,255.0000,255.0000,255.0000,255.0000,255.0000,255.0000,255.0000,255.0000,255.0000,255.0000,255.0000,255.0000,255.0000,255.0000,255.0000,255.0000,255.0000,255.0000,255.0000,255.0000,255.0000,255.0000,255.0000,255.0000,255.0000,255.0000,255.0000,255.0000,255.0000,255.0000,255.0000,255.0000,255.0000,255.0000,255.0000,255.0000,255.0000,255.0000,255.0000,255.0000,255.0000,255.0000,255.0000,255.0000,255.0000,255.0000,255.0000,255.0000,255.0000,255.0000,255.0000,255.0000,255.0000,255.0000,255.0000,255.0000,255.0000,255.0000,255.0000,255.0000,255.0000,255.0000,255.0000,255.0000,255.0000,255.0000,255.0000,255.0000,255.0000,255.0000,255.0000,255.0000,255.0000
255.0000,255.0000,255.0000,255.0000,255.0000,255.0000,255.0000,255.0000,255.0000,255.0000,255.0000,255.0000,255.0000,255.0000,255.0000,255.0000,255.0000,255.0000,255.0000,255.0000,255.0000,255.0000,255.0000,255.0000,255.0000,255.0000,255.0000,255.0000,255.0000,255.0000,255.0000,255.0000,255.0000,255.0000,255.0000,255.0000,255.0000,255.0000,255.0000,255.0000,255.0000,255.0000,255.0000,255.0000,255.0000,255.0000,255.0000,255.0000,255.0000,255.0000,255.0000,255.0000,255.0000,255.0000,255.0000,255.0000,255.0000,255.0000,255.0000,255.0000,255.0000,255.0000,255.0000,255.0000,255.0000,255.0000,255.0000,255.0000,255.0000,255.0000,255.0000,255.0000,255.0000,255.0000,255.0000,255.0000,255.0000,255.0000,255.0000,255.0000,255.0000,255.0000,255.0000,255.0000,255.0000,255.0000,255.0000,255.0000,255.0000,255.0000,255.0000,255.0000,255.0000,255.0000,255.0000,255.0000,255.0000,255.0000,255.0000,255.0000
255.0000,255.0000,255.0000,255.0000,255.0000,255.0000,255.0000,255.0000,255.0000,255.0000,255.0000,255.0000,255.0000,255.0000,255.0000,255.0000,255.0000,255.0000,255.0000,255.0000,255.0000,255.0000,255.0000,255.0000,255.0000,255.0000,255.0000,255.0000,255.0000,255.0000,255.0000,255.0000,255.0000,255.0000,255.0000,255.0000,255.0000,255.0000,255.0000,255.0000,255.0000,255.0000,255.0000,255.0000,255.0000,255.0000,255.0000,255.0000,255.0000,255.0000,255.0000,255.0000,255.0000,255.0000,255.0000,255.0000,255.0000,255.0000,255.0000,255.0000,255.0000,255.0000,255.0000,255.0000,255.0000,255.0000,255.0000,255.0000,255.0000,255.0000,255.0000,255.0000,255.0000,255.0000,255.0000,255.0000,255.0000,255.0000,255.0000,255.0000,255.0000,255.0000,255.0000,255.0000,255.0000,255.0000,255.0000,255.0000,255.0000,255.0000,255.0000,255.0000,255.0000,255.0000,255.0000,255.0000,255.0000,255.0000,255.0000,255.0000
255.0000,255.0000,255.0000,255.0000,255.0000,255.0000,255.0000,255.0000,255.0000,255.0000,255.0000,255.0000,255.0000,255.0000,255.0000,255.0000,255.0000,255.0000,255.0000,255.0000,255.0000,255.0000,255.0000,255.0000,255.0000,255.0000,255.0000,255.0000,255.0000,255.0000,255.0000,255.0000,255.0000,255.0000,255.0000,255.0000,255.0000,255.0000,255.0000,255.0000,255.0000,255.0000,255.0000,255.0000,255.0000,255.0000,255.0000,255.0000,255.0000,255.0000,255.0000,255.0000,255.0000,255.0000,255.0000,255.0000,255.0000,255.0000,255.0000,255.0000,255.0000,255.0000,255.0000,255.0000,255.0000,255.0000,255.0000,255.0000,255.0000,255.0000,255.0000,255.0000,255.0000,255.0000,255.0000,255.0000,255.0000,255.0000,255.0000,255.0000,255.0000,255.0000,255.0000,255.0000,255.0000,255.0000,255.0000,255.0000,255.0000,255.0000,255.0000,255.0000,255.0000,255.0000,255.0000,255.0000,255.0000,255.0000,255.0000,255.0000
255.0000,255.0000,255.0000,255.0000,255.0000,255.0000,255.0000,255.0000,255.0000,255.0000,255.0000,255.0000,255.0000,255.0000,255.0000,255.0000,255.0000,255.0000,255.0000,255.0000,255.0000,255.0000,255.0000,255.0000,255.0000,255.0000,255.0000,255.0000,255.0000,255.0000,255.0000,255.0000,255.0000,255.0000,255.0000,255.0000,255.0000,255.0000,255.0000,255.0000,255.0000,255.0000,255.0000,255.0000,255.0000,255.0000,255.0000,255.0000,255.0000,255.0000,255.0000,255.0000,255.0000,255.0000,255.0000,255.0000,255.0000,255.0000,255.0000,255.0000,255.0000,255.0000,255.0000,255.0000,255.0000,255.0000,255.0000,255.0000,255.0000,255.0000,255.0000,255.0000,255.0000,255.0000,255.0000,255.0000,255.0000,255.0000,255.0000,255.0000,255.0000,255.0000,255.0000,255.0000,255.0000,255.0000,255.0000,255.0000,255.0000,255.0000,255.0000,255.0000,255.0000,255.0000,255.0000,255.0000,255.0000,255.0000,255.0000,255.0000
